Country,Region,Happiness Rank,Happiness Score,Economy (GDP per Capita),Health (Life Expectancy),Freedom,Trust (Government Corruption),Generosity,year,Social support,Average Happiness,HappinessGrowth
Switzerland,Western Europe,1,7.587,1.39651,0.94143,0.66557,0.41978,0.29678,2015,1.5874199999999985,7.511399991600001,-1.414738076535612
Iceland,Western Europe,2,7.561,1.30232,0.94784,0.62877,0.14145,0.4363,2015,1.5757700000000003,7.5110000374,-0.8868294181755423
Denmark,Western Europe,3,7.527,1.32548,0.87464,0.64938,0.48357,0.34139,2015,1.5930449999999992,7.545999967199999,0.9679105620151127
Norway,Western Europe,4,7.522,1.459,0.88521,0.66973,0.36503,0.34699,2015,1.6001699999999992,7.541000035800001,0.43061206168481314
Canada,North America,5,7.427,1.32629,0.90563,0.63297,0.32957,0.45811,2015,1.5620949999999991,7.350599997000001,-2.0165179763772643
Finland,Western Europe,6,7.406,1.29025,0.88911,0.64169,0.41372,0.23351,2015,1.55107,7.5377999726,4.827374739206791
Netherlands,Western Europe,7,7.378,1.32944,0.89284,0.61576,0.31814,0.4761,2015,1.56634,7.404599971000001,1.4883800569728276
Sweden,Western Europe,8,7.364,1.33171,0.91087,0.6598,0.43844,0.36262,2015,1.574615,7.319199983999999,-0.27895636575101235
New Zealand,Australia and New Zealand,9,7.286,1.25018,0.90837,0.63938,0.42922,0.47501,2015,1.5696300000000003,7.313000026,0.29070569699696414
Australia,Australia and New Zealand,10,7.284,1.33358,0.93156,0.65124,0.35637,0.43562,2015,1.5640650000000005,7.276199984,-0.7682263370615564
Israel,Middle East and Northern Africa,11,7.278,1.22857,0.91387,0.41319,0.07785,0.33172,2015,1.500208750000001,7.1421999642000005,-1.6563126182441028
Costa Rica,Latin America and Caribbean,12,7.226,0.95578,0.86027,0.63376,0.10583,0.25497,2015,1.445315,7.1261999992,-0.7920501633942385
Austria,Western Europe,13,7.2,1.33723,0.89042,0.62433,0.18676,0.33088,2015,1.5368900000000003,7.142000008399999,0.684880572149412
Mexico,Latin America and Caribbean,14,7.187,1.02054,0.81444,0.48181,0.21312,0.14074,2015,1.4510600000000002,6.7252000138,-8.360552110223889
United States,North America,15,7.119,1.39451,0.86179,0.54604,0.1589,0.40105,2015,1.5256150000000002,6.9988000062,-3.2161719668015274
Brazil,Latin America and Caribbean,16,6.983,0.98124,0.69702,0.49049,0.17521,0.14574,2015,1.4432200000000004,6.657800045799999,-10.113108982588585
Luxembourg,Western Europe,17,6.946,1.56391,0.91894,0.61583,0.37798,0.28034,2015,1.52574,6.9359999832,2.09356260883348
Ireland,Western Europe,18,6.94,1.33596,0.89533,0.61777,0.28703,0.45901,2015,1.5421050000000007,6.9644000474,1.1686038558590448
Belgium,Western Europe,19,6.937,1.30782,0.89667,0.5845,0.2254,0.2225,2015,1.489995000000001,6.9213999588,-0.199067787334539
United Arab Emirates,Middle East and Northern Africa,20,6.901,1.42727,0.80925,0.64157,0.38583,0.26428,2015,1.4732750000000008,6.736749940749999,-0.9494479369855102
United Kingdom,Western Europe,21,6.867,1.26637,0.90943,0.59625,0.32067,0.51912,2015,1.513033750000001,6.910000044999999,2.966717595732796
Venezuela,Latin America and Caribbean,23,6.81,1.04424,0.72052,0.42908,0.11069,0.05841,2015,1.3582700000000003,5.5469,-33.273380063523916
Singapore,Southeastern Asia,24,6.798,1.52186,1.02525,0.54252,0.4921,0.31105,2015,1.4720749999999998,6.542800005399999,-8.107492675948372
Panama,Latin America and Caribbean,25,6.786,1.06353,0.79661,0.5421,0.0927,0.24434,2015,1.4017887499999997,6.5380000282,-7.004600606895986
Germany,Western Europe,26,6.75,1.32792,0.89186,0.61477,0.21843,0.28214,2015,1.4705237500000012,6.9290000428,3.488561998066178
Chile,Latin America and Caribbean,27,6.67,1.10715,0.85857,0.44132,0.12869,0.33363,2015,1.4219187499999997,6.58939999,-3.4056702533070733
Qatar,Middle East and Northern Africa,28,6.611,1.69042,0.79733,0.6404,0.52208,0.32573,2015,1.4377699999999998,6.4218,-3.58549417044083
France,Western Europe,29,6.575,1.27778,0.94579,0.55011,0.20646,0.12332,2015,1.465465000000001,6.5151999824,0.28587644225496534
Argentina,Latin America and Caribbean,30,6.574,1.05351,0.78723,0.44974,0.08484,0.11451,2015,1.4059599999999997,6.4593999954,-7.535916374032673
Czech Republic,Central and Eastern Europe,31,6.505,1.17898,0.84483,0.46364,0.02652,0.10686,2015,1.4381449999999991,6.654600041200001,5.240391147684298
Uruguay,Latin America and Caribbean,32,6.485,1.06166,0.8116,0.60362,0.24558,0.2324,2015,1.4193987499999994,6.4311999992,-2.9754060326768457
Colombia,Latin America and Caribbean,33,6.477,0.91861,0.69077,0.53466,0.0512,0.18401,2015,1.3566499999999997,6.3399999748,-5.533954499713408
Thailand,Southeastern Asia,34,6.455,0.9669,0.7385,0.55664,0.03187,0.5763,2015,1.396538749999999,6.2865999572,-7.011445237723424
Saudi Arabia,Middle East and Northern Africa,35,6.411,1.39541,0.72025,0.31048,0.32524,0.13706,2015,1.4096249999999997,6.375999972600001,-0.5594339360360984
Spain,Western Europe,36,6.329,1.23011,0.95562,0.45951,0.06398,0.18227,2015,1.4203887500000008,6.3513999756,0.4107442995165609
Malta,Western Europe,37,6.302,1.2074,0.88721,0.60365,0.13586,0.51752,2015,1.46958375,6.53399999,6.578539813018188
Taiwan,Eastern Asia,38,6.298,1.29098,0.8753,0.3974,0.08129,0.25376,2015,1.4082062500000003,6.391,2.3356894515782103
Kuwait,Middle East and Northern Africa,39,6.295,1.55422,0.72492,0.55499,0.25609,0.16228,2015,1.387684999999999,6.1486000038,-4.416969306113602
El Salvador,Latin America and Caribbean,42,6.13,0.76454,0.67737,0.4035,0.11776,0.10692,2015,1.2958149999999988,6.1241999566,2.0438743083590527
Guatemala,Latin America and Caribbean,43,6.123,0.74553,0.64425,0.57733,0.09472,0.27489,2015,1.3415800000000002,6.3437999992,5.06890803586106
Uzbekistan,Central and Eastern Europe,44,6.003,0.63244,0.59772,0.65821,0.30826,0.22837,2015,1.400805,6.046200039,2.839200066113878
Slovakia,Central and Eastern Europe,45,5.995,1.16891,0.78902,0.31751,0.03431,0.16893,2015,1.397733749999999,6.10840001,3.3484435922217837
Japan,Eastern Asia,46,5.987,1.27074,0.99111,0.49615,0.1806,0.10705,2015,1.446902499999999,5.9258000152,-1.6940159578580205
South Korea,Eastern Asia,47,5.984,1.24461,0.96538,0.33208,0.07857,0.18557,2015,1.38161875,5.8853999642,-1.4643551391803888
Ecuador,Latin America and Caribbean,48,5.975,0.86402,0.79075,0.48574,0.1809,0.11541,2015,1.4073650000000006,5.9919999794,0.8904653386405489
Bahrain,Middle East and Northern Africa,49,5.96,1.32376,0.74716,0.45492,0.306,0.17362,2015,1.3722787499999998,6.113799978600001,4.057506067690395
Italy,Western Europe,50,5.948,1.25114,0.95446,0.26236,0.02901,0.22823,2015,1.3855624999999991,6.022400045,4.590346791109786
Bolivia,Latin America and Caribbean,51,5.89,0.68133,0.5392,0.57414,0.088,0.20536,2015,1.2782987500000014,5.813199990799999,-1.8872237505200702
Moldova,Central and Eastern Europe,52,5.889,0.59448,0.61826,0.32818,0.01615,0.20951,2015,1.2973749999999993,5.7585999642,-6.224319875808209
Paraguay,Latin America and Caribbean,53,5.878,0.75985,0.66098,0.53899,0.08242,0.3424,2015,1.332045,5.666600006200001,-2.0829531745682726
Kazakhstan,Central and Eastern Europe,54,5.855,1.12254,0.64368,0.51649,0.08454,0.11827,2015,1.456503749999999,5.838399953400001,-0.7666071214293976
Slovenia,Central and Eastern Europe,55,5.848,1.18498,0.87337,0.60855,0.03787,0.25328,2015,1.4118412499999975,5.8879999794,4.616501111283052
Lithuania,Central and Eastern Europe,56,5.833,1.14723,0.73128,0.21342,0.01031,0.02641,2015,1.4044362499999985,5.929799990000001,5.345156629423714
Nicaragua,Latin America and Caribbean,57,5.828,0.59325,0.74314,0.55475,0.19317,0.27815,2015,1.35287,6.0274000198,4.6992247657062025
Peru,Latin America and Caribbean,58,5.824,0.90019,0.73017,0.41496,0.05989,0.14982,2015,1.3796799999999996,5.7284000306,-2.187844530482877
Belarus,Central and Eastern Europe,59,5.813,1.03192,0.73608,0.37938,0.1909,0.11046,2015,1.4160437499999998,5.5979999534000005,-8.667460938910219
Poland,Central and Eastern Europe,60,5.791,1.12555,0.77903,0.53122,0.04212,0.16759,2015,1.3918275000000002,5.98080001,6.599719046673764
Malaysia,Southeastern Asia,61,5.77,1.12486,0.72394,0.53024,0.10501,0.33075,2015,1.3656674999999998,5.9040000222,-6.248616266638264
Croatia,Central and Eastern Europe,62,5.759,1.08254,0.78805,0.25883,0.0243,0.05444,2015,1.3836462500000002,5.4586000442,-5.643810623620828
Libya,Middle East and Northern Africa,63,5.754,1.13145,0.7038,0.41668,0.11023,0.18295,2015,1.3481362499999991,5.597000018999999,-4.01309407596069
Russia,Central and Eastern Europe,64,5.716,1.13764,0.66926,0.36679,0.03005,0.00199,2015,1.383703749999998,5.798599964199999,-1.0776677329263085
Jamaica,Latin America and Caribbean,65,5.709,0.81038,0.68741,0.50442,0.02299,0.2123,2015,1.2881274999999994,5.661999974,3.8045625286977147
Cyprus,Western Europe,67,5.689,1.20813,0.92356,0.40672,0.06146,0.30638,2015,1.326659999999999,5.7327999626,6.275997863370636
Algeria,Middle East and Northern Africa,68,5.605,0.93929,0.61766,0.28579,0.17383,0.07822,2015,1.310989999999999,5.6676000434,-5.632101272908041
Kosovo,Central and Eastern Europe,69,5.589,0.80148,0.63132,0.24749,0.04741,0.2831,2015,1.2667637499999989,5.606199961,9.36835354393952
Turkmenistan,Central and Eastern Europe,70,5.548,0.95847,0.53886,0.4761,0.30844,0.16979,2015,1.2976124999999994,5.582200005399999,-5.215589403869181
Mauritius,Sub-Saharan Africa,71,5.477,1.00761,0.7095,0.56066,0.07521,0.37744,2015,1.328725,5.706600037399999,7.389287522634361
Hong Kong,Eastern Asia,72,5.474,1.38604,1.01328,0.59608,0.37124,0.39478,2015,1.325499999999999,5.448,-0.80529925737084
Estonia,Central and Eastern Europe,73,5.429,1.15174,0.77361,0.44888,0.15184,0.0868,2015,1.3688562500000014,5.637800012200001,8.289376811204978
Indonesia,Southeastern Asia,74,5.399,0.82827,0.63793,0.46611,0.0,0.51535,2015,1.239058750000001,5.2520000168,-3.82077490434271
Vietnam,Southeastern Asia,75,5.36,0.63216,0.74676,0.59444,0.10441,0.1686,2015,1.2714350000000023,5.154599976399999,-3.3390160350167712
Turkey,Middle East and Northern Africa,76,5.332,1.06098,0.73172,0.22815,0.15746,0.12253,2015,1.3200887499999994,5.4154,0.8134767056934606
Kyrgyzstan,Central and Eastern Europe,77,5.286,0.47428,0.65088,0.43477,0.04232,0.3003,2015,1.2481799999999996,5.1734000374,-0.32995791130522667
Nigeria,Sub-Saharan Africa,78,5.268,0.65435,0.16007,0.34334,0.0403,0.27233,2015,1.008344999999999,5.1273999764,0.35213885012967405
Bhutan,Southern Asia,79,5.253,0.77042,0.57407,0.53206,0.15445,0.47998,2015,1.2376225,5.1248000312,-3.2286426299524873
Azerbaijan,Central and Eastern Europe,80,5.212,1.02389,0.64045,0.3703,0.16065,0.07799,2015,1.3109699999999995,5.2292000412,-0.05747159968291382
Pakistan,Southern Asia,81,5.194,0.59543,0.51466,0.12102,0.10464,0.33671,2015,1.050779999999999,5.3440000106,8.636311533704056
Jordan,Middle East and Northern Africa,82,5.192,0.90198,0.69639,0.40661,0.14293,0.11053,2015,1.257504999999999,5.1795999932,-5.460319406916963
Montenegro,Central and Eastern Europe,82,5.192,0.97438,0.72521,0.1826,0.14296,0.1614,2015,1.268774999999999,5.2919999978,6.267514961490378
China,Eastern Asia,84,5.14,0.89012,0.81658,0.51697,0.02781,0.08185,2015,1.316223749999999,5.2189999526,1.0161829407368437
Zambia,Sub-Saharan Africa,85,5.129,0.47038,0.29924,0.48827,0.12468,0.19591,2015,1.0567299999999995,4.5843999878,-21.575872570398978
Romania,Central and Eastern Europe,86,5.124,1.04345,0.7689,0.35068,0.00649,0.13748,2015,1.29382875,5.6983999618,17.419806558520683
Serbia,Central and Eastern Europe,87,5.123,0.92053,0.74836,0.20107,0.02617,0.19231,2015,1.2549849999999996,5.3391999962,9.11831273552648
Portugal,Western Europe,88,5.102,1.15991,0.87519,0.51469,0.01078,0.13719,2015,1.3119199999999998,5.304600034400001,11.186678117371287
Latvia,Central and Eastern Europe,89,5.098,1.11312,0.72437,0.29671,0.06332,0.18226,2015,1.30261375,5.676199981,15.81499225458826
Philippines,Southeastern Asia,90,5.073,0.70532,0.58114,0.62545,0.12279,0.24991,2015,1.250800000000001,5.3873999656,10.589229332278977
Morocco,Middle East and Northern Africa,92,5.013,0.73479,0.60954,0.41691,0.08546,0.07172,2015,1.2330449999999995,5.172200026800001,3.871012279658547
Macedonia,Central and Eastern Europe,93,5.007,0.91851,0.73545,0.33457,0.05327,0.22359,2015,1.2296100000000003,5.122000047749999,3.52453075588835
Albania,Central and Eastern Europe,95,4.959,0.87867,0.81325,0.35733,0.06413,0.14272,2015,1.2559699999999994,4.712600010600001,-4.715365744988921
Bosnia and Herzegovina,Central and Eastern Europe,96,4.949,0.83223,0.79081,0.09245,0.00227,0.24808,2015,1.2230549999999991,5.161800032,8.680061228936129
Dominican Republic,Latin America and Caribbean,98,4.885,0.89537,0.66825,0.57672,0.14234,0.21684,2015,1.2917649999999994,5.1994000038,10.678574336915664
Laos,Southeastern Asia,99,4.876,0.59066,0.54909,0.59591,0.24249,0.42192,2015,1.1786775000000014,4.79275,-1.446520473922432
Mongolia,Eastern Asia,100,4.874,0.82819,0.60268,0.43626,0.02666,0.3323,2015,1.3130449999999996,5.0291999848,8.208085535809776
Greece,Western Europe,102,4.857,1.15406,0.88213,0.07699,0.01397,0.0,2015,1.2327749999999975,5.1524000474,8.659292356843107
Lebanon,Middle East and Northern Africa,103,4.839,1.02564,0.83947,0.33916,0.04582,0.21854,2015,1.2355999999999994,5.149599981,7.405285640656116
Hungary,Central and Eastern Europe,104,4.8,1.12094,0.75905,0.32112,0.02758,0.128,2015,1.3181099999999992,5.3293999764,18.681851515106626
Honduras,Latin America and Caribbean,105,4.788,0.59532,0.6951,0.40148,0.06825,0.23027,2015,1.138885000000001,5.2408000466,20.800037642252768
Tajikistan,Central and Eastern Europe,106,4.786,0.39047,0.57379,0.47216,0.15072,0.22974,2015,1.0854300000000003,5.097799977799999,13.577654588053623
Tunisia,Middle East and Northern Africa,107,4.739,0.88113,0.73793,0.26268,0.06358,0.06431,2015,1.2088300000000007,4.7283999656,-5.585796739850886
Palestinian Territories,Middle East and Northern Africa,108,4.715,0.59867,0.66015,0.24499,0.12905,0.11251,2015,1.1063125000000018,4.736600018999999,-0.3922103748041983
Bangladesh,Southern Asia,109,4.694,0.39753,0.60164,0.4082,0.12569,0.21222,2015,0.9603349999999996,4.5801999604,-5.161844201212782
Iran,Middle East and Northern Africa,110,4.686,1.0088,0.69805,0.30033,0.05863,0.38086,2015,1.0320475000000002,4.6891999824,-2.862078509044632
Ukraine,Central and Eastern Europe,111,4.681,0.79907,0.6739,0.25123,0.02961,0.15275,2015,1.030540000000001,4.307200039,-7.147290818087813
Iraq,Middle East and Northern Africa,112,4.677,0.98549,0.60237,0.0,0.13788,0.17922,2015,0.8584775000000007,4.5284000434,-5.223913560004148
South Africa,Sub-Saharan Africa,113,4.642,0.92049,0.27688,0.33207,0.08884,0.11973,2015,1.1611750000000003,4.6751999992,2.138858126400246
Ghana,Sub-Saharan Africa,114,4.633,0.54558,0.40132,0.42342,0.04355,0.23087,2015,0.956015,4.5363999772,8.959485700897762
Zimbabwe,Sub-Saharan Africa,115,4.61,0.271,0.33475,0.25861,0.08079,0.18987,2015,0.8852518749999999,4.006600000000001,-22.1376845999129
Liberia,Sub-Saharan Africa,116,4.571,0.0712,0.34201,0.28531,0.06232,0.24362,2015,0.8309662499999995,3.8391999984,-10.560194922187112
India,Southern Asia,117,4.565,0.64499,0.51529,0.39786,0.08492,0.26475,2015,0.9662000000000004,4.297800011400001,-12.621207056940717
Sudan,Sub-Saharan Africa,118,4.55,0.52107,0.36878,0.10081,0.1466,0.19062,2015,0.8175775000000008,4.24174998475,-9.032967032967003
Haiti,Latin America and Caribbean,119,4.518,0.26673,0.38847,0.24425,0.17175,0.46187,2015,0.9476943750000006,4.3435999852,11.395469702512983
Nepal,Southern Asia,121,4.514,0.35997,0.56874,0.38282,0.05907,0.32296,2015,1.0241625000000003,4.8123999786,8.730416260326404
Ethiopia,Sub-Saharan Africa,122,4.512,0.19073,0.44055,0.4345,0.15048,0.24325,2015,0.9083643749999992,4.4232000076,-5.09105828672943
Sierra Leone,Sub-Saharan Africa,123,4.507,0.33024,0.0,0.4084,0.08786,0.21488,2015,0.8931487499999997,4.5592000222,-2.8037628104985233
Mauritania,Sub-Saharan Africa,124,4.436,0.45407,0.35874,0.24232,0.17461,0.219,2015,0.9590224999999996,4.3549999634,1.4359485447700453
Kenya,Sub-Saharan Africa,125,4.419,0.36471,0.41435,0.42215,0.05839,0.37542,2015,1.0352125000000003,4.4493999946,2.200947408844112
Armenia,Central and Eastern Europe,127,4.35,0.76821,0.7299,0.19847,0.039,0.07855,2015,1.0761150000000008,4.3931999856,4.847986194851793
Botswana,Sub-Saharan Africa,128,4.332,0.99355,0.04776,0.49495,0.12474,0.10461,2015,1.1337400000000013,3.8300000064,-21.01272154564586
Myanmar,Southeastern Asia,129,4.307,0.27108,0.48246,0.44017,0.19034,0.79588,2015,1.0090200000000007,4.3830000152,1.4486901261661254
Georgia,Central and Eastern Europe,130,4.297,0.7419,0.72926,0.40577,0.38331,0.05547,2015,0.9866675000000014,4.338799955000001,5.136721437345068
Malawi,Sub-Saharan Africa,131,4.292,0.01604,0.22562,0.43054,0.06977,0.33128,2015,0.803895,3.883000005800001,-22.22598386620934
Sri Lanka,Southern Asia,132,4.271,0.83524,0.70806,0.53726,0.09179,0.40828,2015,1.050982499999999,4.3926000114,2.2875574512464856
Cameroon,Sub-Saharan Africa,133,4.252,0.4225,0.23402,0.49309,0.05786,0.20618,2015,0.915556875,4.6958000344,17.52180788469808
Bulgaria,Central and Eastern Europe,134,4.218,1.01216,0.76649,0.30587,0.00872,0.11921,2015,1.07685,4.618600044999999,17.98884604016331
Egypt,Middle East and Northern Africa,135,4.194,0.8818,0.61712,0.17288,0.06324,0.11291,2015,1.0848174999999995,4.3752000268,0.1578625760048311
Yemen,Middle East and Northern Africa,136,4.077,0.54649,0.40064,0.35571,0.07854,0.09131,2015,1.129322500000002,3.625799987,-18.054884747125417
Angola,Sub-Saharan Africa,137,4.033,0.75778,0.16683,0.10384,0.07122,0.12344,2015,1.076387500000001,3.872250019,-5.977361661112177
Mali,Sub-Saharan Africa,138,3.995,0.26074,0.20583,0.38857,0.12352,0.18798,2015,0.7189875000000007,4.2190000114,9.676904568531572
Uganda,Sub-Saharan Africa,141,3.931,0.21102,0.33861,0.45727,0.07267,0.29066,2015,0.846354375000001,4.020199970199999,6.895796082088521
Senegal,Sub-Saharan Africa,142,3.904,0.36498,0.4354,0.36772,0.10713,0.20843,2015,0.9366749999999994,4.3939999694,18.755123095415613
Gabon,Sub-Saharan Africa,143,3.896,1.06024,0.43372,0.31914,0.11091,0.06822,2015,1.1231100000000014,4.4078000306,21.54649919435824
Niger,Sub-Saharan Africa,144,3.845,0.0694,0.29707,0.47692,0.15639,0.19387,2015,0.7587118750000008,4.1045999756,19.262458946050153
Cambodia,Southeastern Asia,145,3.819,0.46038,0.61114,0.66246,0.07247,0.40359,2015,0.993302500000002,4.205400044199999,21.365560229046075
Tanzania,Sub-Saharan Africa,146,3.781,0.2852,0.38215,0.32878,0.05747,0.34377,2015,0.8738300000000003,3.4659999954,-15.241930942543165
Madagascar,Sub-Saharan Africa,147,3.681,0.20824,0.46721,0.19184,0.08124,0.21333,2015,0.8038674999999995,3.7454000106,6.78063258600775
Chad,Sub-Saharan Africa,149,3.667,0.34193,0.1501,0.23501,0.05269,0.18386,2015,0.6883975000000008,4.0034000218,17.62798330968459
Guinea,Sub-Saharan Africa,150,3.656,0.17417,0.24009,0.37725,0.12139,0.28657,2015,0.7216481250000009,3.853599993800001,23.297845960753264
Ivory Coast,Sub-Saharan Africa,151,3.655,0.46534,0.15185,0.46866,0.17922,0.20165,2015,0.7789537500000013,4.2731999656,31.473460492275407
Burkina Faso,Sub-Saharan Africa,152,3.587,0.25812,0.27125,0.39493,0.12832,0.21747,2015,0.7844543750000004,4.0738000130000005,25.480514920016162
Afghanistan,Southern Asia,153,3.575,0.31982,0.30335,0.23414,0.09719,0.3651,2015,0.769590625000001,3.512799982,-9.178893605679422
Rwanda,Sub-Saharan Africa,154,3.465,0.22208,0.42864,0.59201,0.55191,0.22628,2015,0.8160918750000001,3.4385999912000003,-3.795177054060043
Benin,Sub-Saharan Africa,155,3.34,0.28665,0.3191,0.4845,0.0801,0.1826,2015,0.761925000000001,3.901000013,40.43020312129954
Syria,Middle East and Northern Africa,156,3.006,0.6632,0.72193,0.15684,0.18906,0.47179,2015,0.7204356250000012,3.2921999786,14.901282083251656
Burundi,Sub-Saharan Africa,157,2.905,0.0153,0.22396,0.1185,0.10062,0.19727,2015,0.4750581250000008,3.0789999942,29.94836488812394
Togo,Sub-Saharan Africa,158,2.839,0.20868,0.28443,0.36453,0.10731,0.16681,2015,0.6785387500000007,3.5441999772000004,38.727819161765915
Denmark,Western Europe,1,7.526,1.44178,0.79504,0.57941,0.44453,0.36171,2016,1.5785749999999978,7.545999967199999,0.9679105620151127
Switzerland,Western Europe,2,7.509,1.52733,0.86303,0.58557,0.41203,0.28083,2016,1.5657249999999974,7.511399991600001,-1.414738076535612
Iceland,Western Europe,3,7.501,1.42666,0.86733,0.56624,0.14975,0.47678,2016,1.5640699999999998,7.5110000374,-0.8868294181755423
Norway,Western Europe,4,7.498,1.57744,0.79579,0.59609,0.35776,0.37895,2016,1.5854549999999987,7.541000035800001,0.43061206168481314
Finland,Western Europe,5,7.413,1.40598,0.81091,0.57104,0.41004,0.25492,2016,1.5372449999999993,7.5377999726,4.827374739206791
Canada,North America,6,7.404,1.44015,0.8276,0.5737,0.31329,0.44834,2016,1.5534600000000005,7.350599997000001,-2.0165179763772643
Netherlands,Western Europe,7,7.339,1.46468,0.81231,0.55211,0.29927,0.47416,2016,1.5503649999999995,7.404599971000001,1.4883800569728276
New Zealand,Australia and New Zealand,8,7.334,1.36066,0.83096,0.58147,0.41904,0.49401,2016,1.5664599999999995,7.313000026,0.29070569699696414
Australia,Australia and New Zealand,9,7.313,1.44443,0.8512,0.56837,0.32331,0.47407,2016,1.5578400000000006,7.276199984,-0.7682263370615564
Sweden,Western Europe,10,7.291,1.45181,0.83121,0.58218,0.40867,0.38254,2016,1.5632849999999996,7.319199983999999,-0.27895636575101235
Israel,Middle East and Northern Africa,11,7.267,1.33766,0.84917,0.36432,0.08728,0.32288,2016,1.504665000000001,7.1421999642000005,-1.6563126182441028
Austria,Western Europe,12,7.119,1.45038,0.80565,0.54355,0.21348,0.32865,2016,1.5385150000000012,7.142000008399999,0.684880572149412
United States,North America,13,7.104,1.50796,0.779,0.48163,0.14868,0.41077,2016,1.5090150000000009,6.9988000062,-3.2161719668015274
Costa Rica,Latin America and Caribbean,14,7.087,1.06879,0.76146,0.55225,0.10547,0.22553,2016,1.4378587500000004,7.1261999992,-0.7920501633942385
Germany,Western Europe,16,6.994,1.44787,0.81487,0.53466,0.28551,0.30452,2016,1.5330900000000007,6.9290000428,3.488561998066178
Brazil,Latin America and Caribbean,17,6.952,1.08754,0.61415,0.40425,0.14166,0.15776,2016,1.4466450000000006,6.657800045799999,-10.113108982588585
Belgium,Western Europe,18,6.929,1.42539,0.81959,0.51354,0.26248,0.2424,2016,1.4888650000000012,6.9213999588,-0.199067787334539
Ireland,Western Europe,19,6.907,1.48341,0.81455,0.54008,0.29754,0.44963,2016,1.5338750000000008,6.9644000474,1.1686038558590448
Luxembourg,Western Europe,20,6.871,1.69752,0.84542,0.5487,0.35329,0.27571,2016,1.4949899999999996,6.9359999832,2.09356260883348
Mexico,Latin America and Caribbean,21,6.778,1.11508,0.71143,0.37709,0.18355,0.11735,2016,1.4243850000000002,6.7252000138,-8.360552110223889
Singapore,Southeastern Asia,22,6.739,1.64555,0.94719,0.4877,0.46987,0.32706,2016,1.4850749999999993,6.542800005399999,-8.107492675948372
United Kingdom,Western Europe,23,6.725,1.40283,0.80991,0.50036,0.27399,0.50156,2016,1.4842450000000007,6.910000044999999,2.966717595732796
Chile,Latin America and Caribbean,24,6.705,1.2167,0.81883,0.37789,0.11451,0.31595,2016,1.4225687500000006,6.58939999,-3.4056702533070733
Panama,Latin America and Caribbean,25,6.701,1.18306,0.70835,0.48927,0.08423,0.2418,2016,1.3891137500000006,6.5380000282,-7.004600606895986
Argentina,Latin America and Caribbean,26,6.65,1.15137,0.69711,0.42284,0.07296,0.10989,2016,1.4063537499999992,6.4593999954,-7.535916374032673
Czech Republic,Central and Eastern Europe,27,6.596,1.30915,0.76376,0.41418,0.03986,0.09929,2016,1.4378100000000005,6.654600041200001,5.240391147684298
United Arab Emirates,Middle East and Northern Africa,28,6.573,1.57352,0.72993,0.56215,0.35561,0.26591,2016,1.3778649999999988,6.736749940749999,-0.9494479369855102
Uruguay,Latin America and Caribbean,29,6.545,1.18157,0.72183,0.54388,0.21394,0.18056,2016,1.4193100000000003,6.4311999992,-2.9754060326768457
Malta,Western Europe,30,6.488,1.30782,0.80315,0.54994,0.17554,0.56237,2016,1.45389375,6.53399999,6.578539813018188
Colombia,Latin America and Caribbean,31,6.481,1.03032,0.59659,0.44735,0.05399,0.15626,2016,1.383125,6.3399999748,-5.533954499713408
France,Western Europe,32,6.478,1.39488,0.83795,0.46562,0.17808,0.1216,2016,1.4385150000000002,6.5151999824,0.28587644225496534
Thailand,Southeastern Asia,33,6.474,1.0893,0.64915,0.49553,0.02833,0.58696,2016,1.3750199999999997,6.2865999572,-7.011445237723424
Saudi Arabia,Middle East and Northern Africa,34,6.379,1.48953,0.59267,0.37904,0.30008,0.15457,2016,1.3942587499999997,6.375999972600001,-0.5594339360360984
Taiwan,Eastern Asia,34,6.379,1.39729,0.79565,0.32377,0.0663,0.25495,2016,1.3794237500000006,6.391,2.3356894515782103
Qatar,Middle East and Northern Africa,36,6.375,1.82427,0.71723,0.56679,0.48049,0.32388,2016,1.3974949999999986,6.4218,-3.58549417044083
Spain,Western Europe,37,6.361,1.34253,0.87896,0.37545,0.06137,0.17665,2016,1.3993674999999994,6.3513999756,0.4107442995165609
Algeria,Middle East and Northern Africa,38,6.355,1.05266,0.61804,0.21006,0.16157,0.07044,2016,1.374975,5.6676000434,-5.632101272908041
Guatemala,Latin America and Caribbean,39,6.324,0.83454,0.54039,0.50379,0.08701,0.28808,2016,1.3417300000000003,6.3437999992,5.06890803586106
Kuwait,Middle East and Northern Africa,41,6.239,1.61714,0.63569,0.43166,0.23669,0.15965,2016,1.3839637499999988,6.1486000038,-4.416969306113602
Bahrain,Middle East and Northern Africa,42,6.218,1.44024,0.65696,0.47375,0.25772,0.17147,2016,1.3625899999999986,6.113799978600001,4.057506067690395
Venezuela,Latin America and Caribbean,44,6.084,1.13367,0.61904,0.19847,0.08304,0.0425,2016,1.3790599999999984,5.5469,-33.273380063523916
Slovakia,Central and Eastern Europe,45,6.078,1.27973,0.70367,0.23391,0.02947,0.13837,2016,1.45454375,6.10840001,3.3484435922217837
El Salvador,Latin America and Caribbean,46,6.068,0.8737,0.596,0.37269,0.10613,0.08877,2016,1.3500525,6.1241999566,2.0438743083590527
Malaysia,Southeastern Asia,47,6.005,1.25142,0.62366,0.39031,0.09081,0.41474,2016,1.38337125,5.9040000222,-6.248616266638264
Nicaragua,Latin America and Caribbean,48,5.992,0.69384,0.65213,0.46582,0.16292,0.29773,2016,1.3350599999999992,6.0274000198,4.6992247657062025
Uzbekistan,Central and Eastern Europe,49,5.987,0.73591,0.50163,0.60848,0.28333,0.34326,2016,1.4018000000000006,6.046200039,2.839200066113878
Italy,Western Europe,50,5.977,1.35495,0.85102,0.18827,0.02556,0.16684,2016,1.3576837499999987,6.022400045,4.590346791109786
Ecuador,Latin America and Caribbean,51,5.976,0.97306,0.68613,0.4027,0.18037,0.10074,2016,1.4118124999999997,5.9919999794,0.8904653386405489
Japan,Eastern Asia,53,5.921,1.38007,0.91491,0.46761,0.18985,0.10224,2016,1.4315337499999996,5.9258000152,-1.6940159578580205
Kazakhstan,Central and Eastern Europe,54,5.919,1.22943,0.57386,0.4052,0.11132,0.15011,2016,1.4666662499999996,5.838399953400001,-0.7666071214293976
Moldova,Central and Eastern Europe,55,5.897,0.69177,0.52309,0.25202,0.01903,0.19997,2016,1.2555237499999996,5.7585999642,-6.224319875808209
Russia,Central and Eastern Europe,56,5.856,1.23228,0.58991,0.32682,0.03586,0.02736,2016,1.4336949999999993,5.798599964199999,-1.0776677329263085
Poland,Central and Eastern Europe,57,5.835,1.24585,0.69058,0.4519,0.055,0.14443,2016,1.461911249999999,5.98080001,6.599719046673764
South Korea,Eastern Asia,57,5.835,1.35948,0.88645,0.25168,0.07716,0.18824,2016,1.32811125,5.8853999642,-1.4643551391803888
Bolivia,Latin America and Caribbean,59,5.822,0.79422,0.4697,0.50961,0.07746,0.21698,2016,1.2723350000000009,5.813199990799999,-1.8872237505200702
Lithuania,Central and Eastern Europe,60,5.813,1.2692,0.64674,0.18929,0.0182,0.02025,2016,1.4133449999999987,5.929799990000001,5.345156629423714
Belarus,Central and Eastern Europe,61,5.802,1.13062,0.63104,0.29091,0.17457,0.13942,2016,1.4418287500000004,5.5979999534000005,-8.667460938910219
Slovenia,Central and Eastern Europe,63,5.768,1.29947,0.79151,0.53164,0.03635,0.25738,2016,1.3561187499999994,5.8879999794,4.616501111283052
Peru,Latin America and Caribbean,64,5.743,0.99602,0.62994,0.37502,0.05292,0.14527,2016,1.399987499999999,5.7284000306,-2.187844530482877
Turkmenistan,Central and Eastern Europe,65,5.658,1.08017,0.44006,0.37408,0.28467,0.22567,2016,1.2696687499999997,5.582200005399999,-5.215589403869181
Mauritius,Sub-Saharan Africa,66,5.648,1.14372,0.66189,0.46145,0.05203,0.36951,2016,1.3329987499999996,5.706600037399999,7.389287522634361
Libya,Middle East and Northern Africa,67,5.615,1.06688,0.52304,0.40672,0.10339,0.17087,2016,1.2990324999999996,5.597000018999999,-4.01309407596069
Latvia,Central and Eastern Europe,68,5.56,1.21788,0.63952,0.27996,0.0889,0.17445,2016,1.3552487500000006,5.676199981,15.81499225458826
Cyprus,Western Europe,69,5.546,1.31857,0.8488,0.29507,0.05228,0.27906,2016,1.3024274999999996,5.7327999626,6.275997863370636
Paraguay,Latin America and Caribbean,70,5.538,0.89373,0.58295,0.46235,0.07396,0.25296,2016,1.2922749999999998,5.666600006200001,-2.0829531745682726
Romania,Central and Eastern Europe,71,5.528,1.1697,0.67602,0.36712,0.00679,0.12889,2016,1.34512375,5.6983999618,17.419806558520683
Estonia,Central and Eastern Europe,72,5.517,1.27964,0.68098,0.41511,0.18519,0.08423,2016,1.37611125,5.637800012200001,8.289376811204978
Jamaica,Latin America and Caribbean,73,5.51,0.89333,0.59469,0.43597,0.04294,0.22245,2016,1.27751375,5.661999974,3.8045625286977147
Croatia,Central and Eastern Europe,74,5.488,1.18649,0.70524,0.23907,0.04002,0.18434,2016,1.3289425000000008,5.4586000442,-5.643810623620828
Hong Kong,Eastern Asia,75,5.458,1.5107,0.95277,0.48079,0.31647,0.40097,2016,1.3114549999999991,5.448,-0.80529925737084
Somalia,Sub-Saharan Africa,76,5.44,0.0,0.11466,0.56778,0.3118,0.27225,2016,1.0569056250000006,5.06025000575,-14.896106018856432
Kosovo,Central and Eastern Europe,77,5.401,0.90145,0.54,0.14396,0.06547,0.27992,2016,1.2159099999999996,5.606199961,9.36835354393952
Turkey,Middle East and Northern Africa,78,5.389,1.16492,0.64718,0.23889,0.12348,0.04707,2016,1.2811612499999996,5.4154,0.8134767056934606
Indonesia,Southeastern Asia,79,5.314,0.95104,0.49374,0.39237,0.00322,0.56521,2016,1.22419,5.2520000168,-3.82077490434271
Jordan,Middle East and Northern Africa,80,5.303,0.99673,0.60712,0.36023,0.13297,0.14262,2016,1.2976999999999992,5.1795999932,-5.460319406916963
Azerbaijan,Central and Eastern Europe,81,5.291,1.12373,0.54504,0.35327,0.17914,0.0564,2016,1.3077912499999989,5.2292000412,-0.05747159968291382
Philippines,Southeastern Asia,82,5.279,0.81217,0.47036,0.54854,0.11757,0.21674,2016,1.2436050000000014,5.3873999656,10.589229332278977
China,Eastern Asia,83,5.245,1.0278,0.73561,0.44012,0.02745,0.04959,2016,1.2661949999999995,5.2189999526,1.0161829407368437
Bhutan,Southern Asia,84,5.196,0.8527,0.49759,0.46074,0.1616,0.48546,2016,1.20807,5.1248000312,-3.2286426299524873
Kyrgyzstan,Central and Eastern Europe,85,5.185,0.56044,0.55449,0.40212,0.04762,0.38432,2016,1.183652499999999,5.1734000374,-0.32995791130522667
Serbia,Central and Eastern Europe,86,5.177,1.03437,0.6458,0.15718,0.04339,0.20737,2016,1.2904000000000002,5.3391999962,9.11831273552648
Bosnia and Herzegovina,Central and Eastern Europe,87,5.163,0.93383,0.70766,0.09511,0.0,0.29889,2016,1.2402375,5.161800032,8.680061228936129
Montenegro,Central and Eastern Europe,88,5.161,1.07838,0.63533,0.15111,0.12721,0.17191,2016,1.30420875,5.2919999978,6.267514961490378
Dominican Republic,Latin America and Caribbean,89,5.155,1.02787,0.57669,0.52259,0.12372,0.21286,2016,1.308185,5.1994000038,10.678574336915664
Morocco,Middle East and Northern Africa,90,5.151,0.84058,0.59471,0.25646,0.08404,0.04053,2016,1.1544837499999985,5.172200026800001,3.871012279658547
Hungary,Central and Eastern Europe,91,5.145,1.24142,0.67608,0.1977,0.04472,0.099,2016,1.3363787500000002,5.3293999764,18.681851515106626
Pakistan,Southern Asia,92,5.132,0.68816,0.40306,0.14622,0.1388,0.31185,2016,1.0503125000000002,5.3440000106,8.636311533704056
Lebanon,Middle East and Northern Africa,93,5.129,1.12268,0.76171,0.26228,0.03061,0.23693,2016,1.2611937499999997,5.149599981,7.405285640656116
Portugal,Western Europe,94,5.123,1.27607,0.79363,0.44727,0.01521,0.11691,2016,1.3209987499999991,5.304600034400001,11.186678117371287
Macedonia,Central and Eastern Europe,95,5.121,1.0193,0.64738,0.27668,0.07047,0.23507,2016,1.292265000000001,5.122000047749999,3.52453075588835
Vietnam,Southeastern Asia,96,5.061,0.74037,0.66157,0.55954,0.11556,0.25075,2016,1.261420000000001,5.154599976399999,-3.3390160350167712
Tunisia,Middle East and Northern Africa,98,5.045,0.97724,0.59577,0.23553,0.0817,0.03936,2016,1.206463749999999,4.7283999656,-5.585796739850886
Greece,Western Europe,99,5.033,1.24886,0.80029,0.05822,0.04127,0.0,2016,1.2256399999999985,5.1524000474,8.659292356843107
Tajikistan,Central and Eastern Europe,100,4.996,0.48835,0.53119,0.43408,0.13509,0.25998,2016,1.0953050000000004,5.097799977799999,13.577654588053623
Mongolia,Eastern Asia,101,4.907,0.98853,0.55469,0.35972,0.03285,0.34539,2016,1.3329399999999996,5.0291999848,8.208085535809776
Laos,Southeastern Asia,102,4.876,0.68042,0.38291,0.52168,0.22423,0.43079,2016,1.1198225000000006,4.79275,-1.446520473922432
Nigeria,Sub-Saharan Africa,103,4.875,0.75216,0.05108,0.27854,0.0305,0.23219,2016,1.062679999999999,5.1273999764,0.35213885012967405
Honduras,Latin America and Caribbean,104,4.871,0.69429,0.58383,0.26755,0.06906,0.2044,2016,1.1615900000000006,5.2408000466,20.800037642252768
Iran,Middle East and Northern Africa,105,4.813,1.11758,0.64232,0.22544,0.0557,0.38538,2016,1.2312349999999994,4.6891999824,-2.862078509044632
Zambia,Sub-Saharan Africa,106,4.795,0.61202,0.23573,0.42662,0.11479,0.17866,2016,0.9799749999999996,4.5843999878,-21.575872570398978
Nepal,Southern Asia,107,4.793,0.44626,0.50073,0.37012,0.07008,0.3816,2016,1.0404575000000011,4.8123999786,8.730416260326404
Palestinian Territories,Middle East and Northern Africa,108,4.754,0.67024,0.56844,0.17744,0.10613,0.11154,2016,1.1695150000000012,4.736600018999999,-0.3922103748041983
Albania,Central and Eastern Europe,109,4.655,0.9553,0.73007,0.31866,0.05301,0.1684,2016,0.9677050000000006,4.712600010600001,-4.715365744988921
Bangladesh,Southern Asia,110,4.643,0.54177,0.52989,0.39778,0.12583,0.19132,2016,0.9334450000000004,4.5801999604,-5.161844201212782
Sierra Leone,Sub-Saharan Africa,111,4.635,0.36485,0.0,0.30685,0.08196,0.23897,2016,0.8889518750000005,4.5592000222,-2.8037628104985233
Iraq,Middle East and Northern Africa,112,4.575,1.07474,0.51076,0.24856,0.13636,0.19589,2016,0.9173675,4.5284000434,-5.223913560004148
Namibia,Sub-Saharan Africa,113,4.574,0.93287,0.34745,0.48614,0.10398,0.07795,2016,1.147780000000001,4.5569999705,1.5507158312565434
Cameroon,Sub-Saharan Africa,114,4.513,0.52497,0.12698,0.42736,0.06126,0.2268,2016,0.9218268749999996,4.6958000344,17.52180788469808
Ethiopia,Sub-Saharan Africa,115,4.508,0.29283,0.34578,0.36703,0.1717,0.29522,2016,0.9286325000000002,4.4232000076,-5.09105828672943
South Africa,Sub-Saharan Africa,116,4.459,1.02416,0.18611,0.42483,0.08415,0.13656,2016,1.161185000000001,4.6751999992,2.138858126400246
Sri Lanka,Southern Asia,117,4.415,0.97318,0.62007,0.50817,0.07964,0.46978,2016,1.0352424999999994,4.3926000114,2.2875574512464856
India,Southern Asia,118,4.404,0.74036,0.45091,0.40285,0.08722,0.25028,2016,0.9470849999999998,4.297800011400001,-12.621207056940717
Myanmar,Southeastern Asia,119,4.395,0.34112,0.3988,0.42692,0.20243,0.81971,2016,1.0303600000000015,4.3830000152,1.4486901261661254
Egypt,Middle East and Northern Africa,120,4.362,0.95395,0.52116,0.18847,0.10393,0.12706,2016,1.1302600000000005,4.3752000268,0.1578625760048311
Armenia,Central and Eastern Europe,121,4.36,0.86086,0.64083,0.14037,0.03616,0.07793,2016,1.1015575000000006,4.3931999856,4.847986194851793
Kenya,Sub-Saharan Africa,122,4.356,0.52267,0.30147,0.40576,0.06686,0.41328,2016,1.0087375000000005,4.4493999946,2.200947408844112
Ukraine,Central and Eastern Europe,123,4.324,0.87287,0.58628,0.12859,0.01829,0.20363,2016,1.1064149999999986,4.307200039,-7.147290818087813
Ghana,Sub-Saharan Africa,124,4.276,0.63107,0.29681,0.40973,0.0326,0.21203,2016,0.973809999999999,4.5363999772,8.959485700897762
Georgia,Central and Eastern Europe,126,4.252,0.83792,0.64035,0.32461,0.3188,0.06786,2016,1.0237950000000011,4.338799955000001,5.136721437345068
Senegal,Sub-Saharan Africa,128,4.219,0.44314,0.40457,0.31056,0.11681,0.19103,2016,0.997445,4.3939999694,18.755123095415613
Bulgaria,Central and Eastern Europe,129,4.217,1.11306,0.67806,0.21219,0.00615,0.12793,2016,1.1261149999999995,4.618600044999999,17.98884604016331
Mauritania,Sub-Saharan Africa,130,4.201,0.61391,0.28639,0.1268,0.17955,0.22686,2016,0.8892824999999996,4.3549999634,1.4359485447700453
Zimbabwe,Sub-Saharan Africa,131,4.193,0.35041,0.1595,0.25429,0.08582,0.18503,2016,0.8726887499999999,4.006600000000001,-22.1376845999129
Malawi,Sub-Saharan Africa,132,4.156,0.08709,0.29364,0.4143,0.07564,0.30968,2016,0.9001112500000005,3.883000005800001,-22.22598386620934
Sudan,Sub-Saharan Africa,133,4.139,0.63069,0.29759,0.0,0.10039,0.18077,2016,0.8022825000000013,4.24174998475,-9.032967032967003
Gabon,Sub-Saharan Africa,134,4.121,1.15851,0.3494,0.28098,0.09314,0.06244,2016,1.1449675000000008,4.4078000306,21.54649919435824
Mali,Sub-Saharan Africa,135,4.073,0.31292,0.16347,0.27544,0.13647,0.21064,2016,0.7964125000000005,4.2190000114,9.676904568531572
Haiti,Latin America and Caribbean,136,4.028,0.34097,0.27494,0.12072,0.14476,0.47958,2016,0.7617200000000011,4.3435999852,11.395469702512983
Botswana,Sub-Saharan Africa,137,3.974,1.09426,0.34752,0.44089,0.10769,0.12425,2016,1.1206350000000007,3.8300000064,-21.01272154564586
Ivory Coast,Sub-Saharan Africa,139,3.916,0.55507,0.04476,0.40663,0.1553,0.20338,2016,0.7976300000000007,4.2731999656,31.473460492275407
Cambodia,Southeastern Asia,140,3.907,0.55604,0.42494,0.58852,0.08092,0.40339,2016,1.017380000000001,4.205400044199999,21.365560229046075
Angola,Sub-Saharan Africa,141,3.866,0.84731,0.04991,0.00589,0.08434,0.12071,2016,1.096411250000001,3.872250019,-5.977361661112177
Niger,Sub-Saharan Africa,142,3.856,0.1327,0.26162,0.38041,0.17176,0.2097,2016,0.7595668750000003,4.1045999756,19.262458946050153
South Sudan,Sub-Saharan Africa,143,3.832,0.39394,0.15781,0.19662,0.13015,0.25899,2016,0.7598962500000007,3.38250002,-27.997010930495744
Chad,Sub-Saharan Africa,144,3.763,0.42214,0.03824,0.12807,0.04952,0.18667,2016,0.7514812500000013,4.0034000218,17.62798330968459
Burkina Faso,Sub-Saharan Africa,145,3.739,0.31995,0.21297,0.3337,0.12533,0.24353,2016,0.7473900000000007,4.0738000130000005,25.480514920016162
Uganda,Sub-Saharan Africa,145,3.739,0.34719,0.19625,0.43653,0.06442,0.27102,2016,0.773568125000001,4.020199970199999,6.895796082088521
Yemen,Middle East and Northern Africa,147,3.724,0.57939,0.31048,0.2287,0.05892,0.09821,2016,1.0733012500000012,3.625799987,-18.054884747125417
Madagascar,Sub-Saharan Africa,148,3.695,0.27954,0.37109,0.13684,0.07506,0.2204,2016,0.7843793750000008,3.7454000106,6.78063258600775
Tanzania,Sub-Saharan Africa,149,3.666,0.47155,0.357,0.3176,0.05099,0.31472,2016,0.8878418750000014,3.4659999954,-15.241930942543165
Liberia,Sub-Saharan Africa,150,3.622,0.10706,0.23165,0.25748,0.04852,0.24063,2016,0.628695625000001,3.8391999984,-10.560194922187112
Guinea,Sub-Saharan Africa,151,3.607,0.22415,0.18829,0.30953,0.1192,0.29914,2016,0.6830900000000011,3.853599993800001,23.297845960753264
Rwanda,Sub-Saharan Africa,152,3.515,0.32846,0.31865,0.5432,0.50521,0.23552,2016,0.8520950000000009,3.4385999912000003,-3.795177054060043
Benin,Sub-Saharan Africa,153,3.484,0.39499,0.21028,0.39747,0.06681,0.2018,2016,0.7408968750000003,3.901000013,40.43020312129954
Afghanistan,Southern Asia,154,3.36,0.38227,0.17344,0.1643,0.07112,0.31268,2016,0.6822218750000009,3.512799982,-9.178893605679422
Togo,Sub-Saharan Africa,155,3.303,0.28123,0.24811,0.34678,0.11587,0.17517,2016,0.6414400000000009,3.5441999772000004,38.727819161765915
Syria,Middle East and Northern Africa,156,3.069,0.74719,0.62994,0.06912,0.17233,0.48397,2016,0.6417543750000011,3.2921999786,14.901282083251656
Burundi,Sub-Saharan Africa,157,2.905,0.06831,0.15747,0.0432,0.09419,0.2029,2016,0.5475500000000004,3.0789999942,29.94836488812394
Norway,Western Europe,1,7.537000179,1.616463184,0.796666503,0.635422587,0.315963835,0.362012237,2017,1.5744549999999982,7.541000035800001,0.43061206168481314
Denmark,Western Europe,2,7.521999836,1.482383013,0.792565525,0.626006722,0.400770068,0.355280489,2017,1.589534999999998,7.545999967199999,0.9679105620151127
Iceland,Western Europe,3,7.504000187,1.48063302,0.833552122,0.627162635,0.153526559,0.475540221,2017,1.57404,7.5110000374,-0.8868294181755423
Switzerland,Western Europe,4,7.493999958,1.564979553,0.858131289,0.620070577,0.367007285,0.290549278,2017,1.577159999999998,7.511399991600001,-1.414738076535612
Finland,Western Europe,5,7.468999863,1.443571925,0.80915767,0.617950857,0.382611543,0.245482773,2017,1.5500199999999993,7.5377999726,4.827374739206791
Netherlands,Western Europe,6,7.376999855,1.503944635,0.810696125,0.585384488,0.282661825,0.47048983,2017,1.5549899999999992,7.404599971000001,1.4883800569728276
Canada,North America,7,7.315999985,1.479204416,0.834557652,0.611100912,0.287371516,0.435539722,2017,1.55462,7.350599997000001,-2.0165179763772643
New Zealand,Australia and New Zealand,8,7.31400013,1.405706048,0.816759706,0.61406213,0.382816702,0.500005126,2017,1.5718749999999992,7.313000026,0.29070569699696414
Sweden,Western Europe,9,7.28399992,1.494387269,0.830875158,0.612924099,0.384398729,0.385399252,2017,1.569725,7.319199983999999,-0.27895636575101235
Australia,Australia and New Zealand,10,7.28399992,1.484414935,0.843886793,0.601607382,0.30118373,0.47769925,2017,1.564785,7.276199984,-0.7682263370615564
Israel,Middle East and Northern Africa,11,7.212999821,1.375382423,0.838404,0.405988604,0.0852421,0.330082655,2017,1.4946850000000012,7.1421999642000005,-1.6563126182441028
Costa Rica,Latin America and Caribbean,12,7.078999996,1.109706283,0.759509265,0.58013165,0.100106589,0.214613229,2017,1.4404787500000005,7.1261999992,-0.7920501633942385
Austria,Western Europe,13,7.006000042,1.487097263,0.815328419,0.56776619,0.221060365,0.316472322,2017,1.534855000000001,7.142000008399999,0.684880572149412
United States,North America,14,6.993000031,1.546259284,0.774286628,0.505740523,0.135638788,0.392578781,2017,1.5076400000000003,6.9988000062,-3.2161719668015274
Ireland,Western Europe,15,6.977000237,1.535706639,0.809782624,0.573110342,0.298388153,0.427858323,2017,1.5438550000000004,6.9644000474,1.1686038558590448
Germany,Western Europe,16,6.951000214,1.487923384,0.798950732,0.562511384,0.276731938,0.33626917,2017,1.5389150000000011,6.9290000428,3.488561998066178
Belgium,Western Europe,17,6.890999794,1.463780761,0.818091869,0.539770722,0.251343131,0.231503338,2017,1.4835150000000012,6.9213999588,-0.199067787334539
Luxembourg,Western Europe,18,6.862999916,1.741943598,0.845089495,0.596627891,0.318834424,0.283180982,2017,1.5106400000000004,6.9359999832,2.09356260883348
United Kingdom,Western Europe,19,6.714000225,1.44163394,0.805335939,0.508190036,0.265428066,0.492774159,2017,1.5218050000000003,6.910000044999999,2.966717595732796
Chile,Latin America and Caribbean,20,6.65199995,1.25278461,0.819479704,0.376895279,0.082287982,0.326662421,2017,1.4702400000000009,6.58939999,-3.4056702533070733
United Arab Emirates,Middle East and Northern Africa,21,6.647999763,1.626343369,0.726798236,0.60834527,0.324489564,0.360941947,2017,1.4351900000000004,6.736749940749999,-0.9494479369855102
Brazil,Latin America and Caribbean,22,6.635000229,1.10735321,0.616552353,0.437453747,0.111092761,0.162349895,2017,1.4086150000000004,6.657800045799999,-10.113108982588585
Czech Republic,Central and Eastern Europe,23,6.609000206,1.352682352,0.754444003,0.490946174,0.036872927,0.088106759,2017,1.437305,6.654600041200001,5.240391147684298
Argentina,Latin America and Caribbean,24,6.598999977,1.185295463,0.695137084,0.494519204,0.059739888,0.109457061,2017,1.4209149999999997,6.4593999954,-7.535916374032673
Mexico,Latin America and Caribbean,25,6.578000069,1.153183818,0.709978998,0.412730008,0.132774115,0.120990433,2017,1.403995,6.7252000138,-8.360552110223889
Singapore,Southeastern Asia,26,6.572000027,1.69227767,0.949492395,0.549840569,0.464307785,0.345965981,2017,1.4653699999999994,6.542800005399999,-8.107492675948372
Malta,Western Europe,27,6.52699995,1.343279839,0.821944237,0.588767052,0.153066069,0.574730575,2017,1.4563474999999997,6.53399999,6.578539813018188
Uruguay,Latin America and Caribbean,28,6.453999996,1.217559695,0.719216824,0.579392254,0.178061873,0.175096929,2017,1.4201549999999998,6.4311999992,-2.9754060326768457
Guatemala,Latin America and Caribbean,29,6.453999996,0.872001946,0.54023999,0.531310618,0.077223279,0.283488393,2017,1.3326250000000004,6.3437999992,5.06890803586106
Panama,Latin America and Caribbean,30,6.452000141,1.233748436,0.706156135,0.550026834,0.070983924,0.210556939,2017,1.3939312500000005,6.5380000282,-7.004600606895986
France,Western Europe,31,6.441999912,1.430923462,0.844465852,0.470222116,0.172502428,0.129762307,2017,1.4492087500000006,6.5151999824,0.28587644225496534
Thailand,Southeastern Asia,32,6.423999786,1.127868772,0.647239029,0.580200732,0.031612735,0.57212311,2017,1.3916199999999992,6.2865999572,-7.011445237723424
Spain,Western Europe,34,6.402999878,1.384397864,0.8889606,0.40878123,0.070914097,0.190133572,2017,1.413725,6.3513999756,0.4107442995165609
Qatar,Middle East and Northern Africa,35,6.375,1.870765686,0.710098088,0.604130983,0.439299256,0.33047387,2017,1.3991349999999985,6.4218,-3.58549417044083
Colombia,Latin America and Caribbean,36,6.356999874,1.070622325,0.595027924,0.477487415,0.046668742,0.149014473,2017,1.4290349999999992,6.3399999748,-5.533954499713408
Saudi Arabia,Middle East and Northern Africa,37,6.343999863,1.530623555,0.59014833,0.449750572,0.273432255,0.147616014,2017,1.393925,6.375999972600001,-0.5594339360360984
Kuwait,Middle East and Northern Africa,39,6.105000019,1.632952452,0.632105708,0.496337593,0.21515955,0.228289798,2017,1.3556549999999985,6.1486000038,-4.416969306113602
Slovakia,Central and Eastern Europe,40,6.09800005,1.325393558,0.712732911,0.295817465,0.024210852,0.136544481,2017,1.46177875,6.10840001,3.3484435922217837
Bahrain,Middle East and Northern Africa,41,6.086999893,1.488412261,0.653133035,0.536746919,0.25704217,0.172668487,2017,1.361484999999998,6.113799978600001,4.057506067690395
Malaysia,Southeastern Asia,42,6.084000111,1.29121542,0.618784428,0.402264982,0.065600708,0.41660893,2017,1.3762212500000002,5.9040000222,-6.248616266638264
Nicaragua,Latin America and Caribbean,43,6.071000099,0.737299204,0.653095961,0.447551847,0.130687982,0.301674217,2017,1.334964999999999,6.0274000198,4.6992247657062025
Ecuador,Latin America and Caribbean,44,6.007999897,1.000820398,0.685636222,0.455198199,0.140134647,0.150112465,2017,1.4156937500000004,5.9919999794,0.8904653386405489
El Salvador,Latin America and Caribbean,45,6.002999783,0.909784496,0.596018553,0.43245253,0.08998096,0.078257985,2017,1.3579787499999998,6.1241999566,2.0438743083590527
Poland,Central and Eastern Europe,46,5.97300005,1.291787863,0.699475348,0.520342112,0.059307806,0.158465967,2017,1.4645674999999982,5.98080001,6.599719046673764
Uzbekistan,Central and Eastern Europe,47,5.971000195,0.786441088,0.498272628,0.658248663,0.246528223,0.415983647,2017,1.420420000000001,6.046200039,2.839200066113878
Italy,Western Europe,48,5.964000225,1.395066619,0.853144348,0.256450713,0.028028091,0.172789648,2017,1.3622974999999995,6.022400045,4.590346791109786
Russia,Central and Eastern Europe,49,5.962999821,1.281778097,0.547349334,0.373783112,0.032962881,0.052263822,2017,1.4248312499999995,5.798599964199999,-1.0776677329263085
Japan,Eastern Asia,51,5.920000076,1.416915178,0.913475871,0.505625546,0.163760737,0.120572768,2017,1.4362625000000002,5.9258000152,-1.6940159578580205
Lithuania,Central and Eastern Europe,52,5.90199995,1.314582348,0.62894994,0.234231785,0.011865643,0.010164657,2017,1.4298124999999982,5.929799990000001,5.345156629423714
Algeria,Middle East and Northern Africa,53,5.872000217,1.091864467,0.617584646,0.233335808,0.14609611,0.069436647,2017,1.3759175,5.6676000434,-5.632101272908041
Latvia,Central and Eastern Europe,54,5.849999905,1.260748625,0.638566971,0.325707912,0.073842727,0.153074786,2017,1.4677187499999995,5.676199981,15.81499225458826
South Korea,Eastern Asia,55,5.837999821,1.401678443,0.900214076,0.257921666,0.063282669,0.206674367,2017,1.32822625,5.8853999642,-1.4643551391803888
Moldova,Central and Eastern Europe,56,5.837999821,0.72887063,0.589465201,0.240729049,0.010091286,0.208779126,2017,1.2943837499999993,5.7585999642,-6.224319875808209
Romania,Central and Eastern Europe,57,5.824999809,1.217683911,0.685158312,0.457003742,0.004387901,0.133519918,2017,1.363647499999999,5.6983999618,17.419806558520683
Bolivia,Latin America and Caribbean,58,5.822999954,0.833756566,0.47363025,0.558732927,0.060477726,0.225560725,2017,1.3283162500000003,5.813199990799999,-1.8872237505200702
Turkmenistan,Central and Eastern Europe,59,5.822000027,1.130776763,0.43772608,0.418271929,0.25927034,0.249924988,2017,1.3890187500000002,5.582200005399999,-5.215589403869181
Kazakhstan,Central and Eastern Europe,60,5.818999767,1.28455627,0.606041551,0.437454283,0.119282886,0.201964423,2017,1.4224862499999995,5.838399953400001,-0.7666071214293976
Slovenia,Central and Eastern Europe,62,5.757999897,1.341205955,0.790828228,0.572575808,0.045128979,0.242649093,2017,1.375048749999999,5.8879999794,4.616501111283052
Peru,Latin America and Caribbean,63,5.715000153,1.035225272,0.630166113,0.450002879,0.047049087,0.126819715,2017,1.3855474999999997,5.7284000306,-2.187844530482877
Mauritius,Sub-Saharan Africa,64,5.629000187,1.189395547,0.638007462,0.491247326,0.042181555,0.360933751,2017,1.3506037499999997,5.706600037399999,7.389287522634361
Cyprus,Western Europe,65,5.620999813,1.355938077,0.844714701,0.355111539,0.041237976,0.271254301,2017,1.3114099999999993,5.7327999626,6.275997863370636
Estonia,Central and Eastern Europe,66,5.611000061,1.32087934,0.695168316,0.47913143,0.183248922,0.098890811,2017,1.3780837499999998,5.637800012200001,8.289376811204978
Belarus,Central and Eastern Europe,67,5.568999767,1.15655756,0.637714267,0.295400262,0.156313822,0.155137509,2017,1.3617025,5.5979999534000005,-8.667460938910219
Libya,Middle East and Northern Africa,68,5.525000095,1.101803064,0.52016902,0.46573323,0.09261021,0.152073666,2017,1.31299,5.597000018999999,-4.01309407596069
Turkey,Middle East and Northern Africa,69,5.5,1.198274374,0.637605608,0.3007406,0.09967158,0.046693042,2017,1.3005387499999992,5.4154,0.8134767056934606
Paraguay,Latin America and Caribbean,70,5.493000031,0.932537317,0.579250693,0.473507792,0.091065913,0.224150658,2017,1.29491875,5.666600006200001,-2.0829531745682726
Philippines,Southeastern Asia,72,5.429999828,0.857699215,0.468009055,0.585214674,0.099331893,0.193513423,2017,1.2548000000000008,5.3873999656,10.589229332278977
Serbia,Central and Eastern Europe,73,5.394999981,1.069317579,0.650784671,0.208715528,0.040903781,0.220125884,2017,1.3399975000000013,5.3391999962,9.11831273552648
Jordan,Middle East and Northern Africa,74,5.335999966,0.991012394,0.604590058,0.418421149,0.119803272,0.17217046,2017,1.2964074999999988,5.1795999932,-5.460319406916963
Hungary,Central and Eastern Europe,75,5.323999882,1.286011934,0.687763453,0.175863519,0.036636937,0.078401662,2017,1.3689612500000004,5.3293999764,18.681851515106626
Jamaica,Latin America and Caribbean,76,5.31099987,0.925579309,0.641022384,0.474307239,0.055267781,0.233818337,2017,1.2786687500000005,5.661999974,3.8045625286977147
Croatia,Central and Eastern Europe,77,5.293000221,1.222556233,0.701288521,0.255772293,0.04310311,0.248002976,2017,1.3189487500000008,5.4586000442,-5.643810623620828
Kosovo,Central and Eastern Europe,78,5.278999805,0.951484382,0.54145205,0.260287941,0.057471618,0.319931448,2017,1.2495250000000004,5.606199961,9.36835354393952
China,Eastern Asia,79,5.272999763,1.081165791,0.741415501,0.472787708,0.022794275,0.028806841,2017,1.2680949999999995,5.2189999526,1.0161829407368437
Pakistan,Southern Asia,80,5.269000053,0.726883531,0.402047783,0.235215262,0.124348067,0.315446019,2017,1.0482199999999997,5.3440000106,8.636311533704056
Indonesia,Southeastern Asia,81,5.262000084,0.995538592,0.492345721,0.443323463,0.015317135,0.611704588,2017,1.24024875,5.2520000168,-3.82077490434271
Venezuela,Latin America and Caribbean,82,5.25,1.128431201,0.617144227,0.153997123,0.064491123,0.06501963,2017,1.3505362500000009,5.5469,-33.273380063523916
Montenegro,Central and Eastern Europe,83,5.236999989,1.121129036,0.667464674,0.194989055,0.088174194,0.197911024,2017,1.3114137500000012,5.2919999978,6.267514961490378
Morocco,Middle East and Northern Africa,84,5.235000134,0.878114581,0.597710669,0.408158332,0.087763183,0.032209955,2017,1.1560974999999984,5.172200026800001,3.871012279658547
Azerbaijan,Central and Eastern Europe,85,5.234000206,1.153601766,0.540775776,0.398155838,0.180987507,0.04526934,2017,1.2462499999999992,5.2292000412,-0.05747159968291382
Dominican Republic,Latin America and Caribbean,86,5.230000019,1.079373837,0.574873745,0.552589834,0.113945253,0.18696785,2017,1.35189375,5.1994000038,10.678574336915664
Greece,Western Europe,87,5.227000237,1.289487481,0.810198903,0.095731251,0.043289777,0.0,2017,1.2126662499999985,5.1524000474,8.659292356843107
Lebanon,Middle East and Northern Africa,88,5.224999905,1.074987531,0.735081077,0.288515985,0.03751383,0.264450759,2017,1.27183875,5.149599981,7.405285640656116
Portugal,Western Europe,89,5.195000172,1.315175295,0.795843542,0.4984653,0.015869452,0.095102713,2017,1.3259800000000004,5.304600034400001,11.186678117371287
Bosnia and Herzegovina,Central and Eastern Europe,90,5.18200016,0.982409418,0.705186307,0.204403177,0.0,0.328867495,2017,1.2498950000000004,5.161800032,8.680061228936129
Honduras,Latin America and Caribbean,91,5.181000233,0.730573118,0.58256948,0.34807986,0.073345453,0.236188874,2017,1.20067,5.2408000466,20.800037642252768
Macedonia,Central and Eastern Europe,92,5.175000191,1.064577937,0.644948184,0.325905979,0.060277794,0.253760964,2017,1.3356537500000008,5.122000047749999,3.52453075588835
Somalia,Sub-Saharan Africa,93,5.151000023,0.022643184,0.113989137,0.602126956,0.282410324,0.291631311,2017,1.0672306250000003,5.06025000575,-14.896106018856432
Vietnam,Southeastern Asia,94,5.073999882,0.788547575,0.652168989,0.571055591,0.087633237,0.234968051,2017,1.308060000000001,5.154599976399999,-3.3390160350167712
Nigeria,Sub-Saharan Africa,95,5.073999882,0.783756256,0.05691573,0.394952565,0.026121566,0.230947196,2017,1.1158099999999984,5.1273999764,0.35213885012967405
Tajikistan,Central and Eastern Europe,96,5.040999889,0.524713635,0.529235125,0.471566707,0.146377146,0.248997644,2017,1.1251949999999995,5.097799977799999,13.577654588053623
Bhutan,Southern Asia,97,5.011000156,0.885416389,0.495879292,0.501537681,0.17338039,0.474054545,2017,1.2523500000000007,5.1248000312,-3.2286426299524873
Kyrgyzstan,Central and Eastern Europe,98,5.004000187,0.596220076,0.553457797,0.454943389,0.039439179,0.428580374,2017,1.1698074999999997,5.1734000374,-0.32995791130522667
Nepal,Southern Asia,99,4.961999893,0.479820192,0.504130781,0.440305948,0.072975546,0.394096166,2017,1.1034425000000003,4.8123999786,8.730416260326404
Mongolia,Eastern Asia,100,4.954999924,1.027235866,0.557783484,0.394143969,0.032902289,0.33846423,2017,1.3423537499999996,5.0291999848,8.208085535809776
South Africa,Sub-Saharan Africa,101,4.828999996,1.054698706,0.18708007,0.479246736,0.072509497,0.13936238,2017,1.3063037499999983,4.6751999992,2.138858126400246
Tunisia,Middle East and Northern Africa,102,4.804999828,1.007265806,0.613212049,0.28968069,0.086723149,0.049693357,2017,1.2357999999999991,4.7283999656,-5.585796739850886
Palestinian Territories,Middle East and Northern Africa,103,4.775000095,0.716249228,0.565666974,0.254711062,0.089282602,0.114173174,2017,1.1920650000000004,4.736600018999999,-0.3922103748041983
Egypt,Middle East and Northern Africa,104,4.735000134,0.989701807,0.520187259,0.282110155,0.114381365,0.128631443,2017,1.2313399999999992,4.3752000268,0.1578625760048311
Bulgaria,Central and Eastern Europe,105,4.714000225,1.161459088,0.70821768,0.289231718,0.011051531,0.113177694,2017,1.2018499999999996,4.618600044999999,17.98884604016331
Sierra Leone,Sub-Saharan Africa,106,4.709000111,0.368420929,0.005564754,0.318697691,0.071095176,0.293040901,2017,0.9108118750000004,4.5592000222,-2.8037628104985233
Cameroon,Sub-Saharan Africa,107,4.695000172,0.564305365,0.132892117,0.430388749,0.051306631,0.236298457,2017,0.919416875,4.6958000344,17.52180788469808
Iran,Middle East and Northern Africa,108,4.691999912,1.156873107,0.639333189,0.249322608,0.048761073,0.387242913,2017,1.043005,4.6891999824,-2.862078509044632
Albania,Central and Eastern Europe,109,4.644000053,0.996192753,0.731159747,0.381498635,0.039864216,0.201312944,2017,0.9596650000000008,4.712600010600001,-4.715365744988921
Bangladesh,Southern Asia,110,4.607999802,0.586682975,0.533241034,0.478356659,0.123717859,0.172255352,2017,0.9280650000000006,4.5801999604,-5.161844201212782
Namibia,Sub-Saharan Africa,111,4.573999882,0.964434326,0.338611811,0.520303547,0.093146972,0.077133745,2017,1.1735950000000006,4.5569999705,1.5507158312565434
Kenya,Sub-Saharan Africa,112,4.552999973,0.560479462,0.30998835,0.452763766,0.064641319,0.444860309,2017,0.9848450000000007,4.4493999946,2.200947408844112
Myanmar,Southeastern Asia,114,4.545000076,0.36711055,0.397522569,0.514492035,0.188816205,0.838075161,2017,1.0258025000000013,4.3830000152,1.4486901261661254
Senegal,Sub-Saharan Africa,115,4.534999847,0.479309022,0.409362853,0.377922267,0.115460448,0.183468893,2017,0.9516550000000016,4.3939999694,18.755123095415613
Zambia,Sub-Saharan Africa,116,4.513999939,0.636406779,0.257835895,0.461603492,0.07821355,0.249580145,2017,0.9457868750000008,4.5843999878,-21.575872570398978
Iraq,Middle East and Northern Africa,117,4.497000217,1.102710485,0.50118047,0.288555533,0.107215755,0.199637264,2017,0.9287775,4.5284000434,-5.223913560004148
Gabon,Sub-Saharan Africa,118,4.465000153,1.198210239,0.356578588,0.312328577,0.076046787,0.043785378,2017,1.1792350000000014,4.4078000306,21.54649919435824
Ethiopia,Sub-Saharan Africa,119,4.460000038,0.339233845,0.353409708,0.408842742,0.165455714,0.31265074,2017,0.9729600000000004,4.4232000076,-5.09105828672943
Sri Lanka,Southern Asia,120,4.440000057,1.009850144,0.625130832,0.561213255,0.073653966,0.490863562,2017,1.0803049999999994,4.3926000114,2.2875574512464856
Armenia,Central and Eastern Europe,121,4.375999928,0.900596738,0.637524426,0.198303267,0.026674422,0.083488092,2017,1.0957800000000004,4.3931999856,4.847986194851793
India,Southern Asia,122,4.315000057,0.792221248,0.455427617,0.469987005,0.092226885,0.231538489,2017,0.9367099999999992,4.297800011400001,-12.621207056940717
Mauritania,Sub-Saharan Africa,123,4.291999817,0.648457289,0.28534928,0.096098043,0.136957005,0.201870024,2017,0.8457775000000004,4.3549999634,1.4359485447700453
Georgia,Central and Eastern Europe,125,4.285999775,0.950612664,0.649546981,0.309410036,0.251666635,0.054008815,2017,1.014385000000001,4.338799955000001,5.136721437345068
Mali,Sub-Saharan Africa,127,4.190000057,0.476180494,0.169365674,0.306613743,0.104970247,0.183354199,2017,0.9003637499999999,4.2190000114,9.676904568531572
Ivory Coast,Sub-Saharan Africa,128,4.179999828,0.603048921,0.04864217,0.447706193,0.130061775,0.20123747,2017,0.8982287499999998,4.2731999656,31.473460492275407
Cambodia,Southeastern Asia,129,4.168000221,0.601765096,0.429783404,0.633375823,0.068105951,0.385922968,2017,1.0752500000000018,4.205400044199999,21.365560229046075
Sudan,Sub-Saharan Africa,130,4.138999939,0.659516692,0.290920824,0.014995855,0.08984752,0.182317451,2017,0.820480000000001,4.24174998475,-9.032967032967003
Ghana,Sub-Saharan Africa,131,4.119999886,0.667224824,0.295637727,0.423026294,0.02533637,0.256923944,2017,0.955076875,4.5363999772,8.959485700897762
Ukraine,Central and Eastern Europe,132,4.096000195,0.894651949,0.575903952,0.122974776,0.023029471,0.270061463,2017,0.935625,4.307200039,-7.147290818087813
Uganda,Sub-Saharan Africa,133,4.080999851,0.381430715,0.217632607,0.443185955,0.057069719,0.325766057,2017,0.858443750000001,4.020199970199999,6.895796082088521
Burkina Faso,Sub-Saharan Africa,134,4.032000065,0.350227714,0.215844259,0.324367851,0.120328106,0.250864685,2017,0.8068931250000009,4.0738000130000005,25.480514920016162
Niger,Sub-Saharan Africa,135,4.027999878,0.161925331,0.268505007,0.363658696,0.138572946,0.228673846,2017,0.8254168749999997,4.1045999756,19.262458946050153
Malawi,Sub-Saharan Africa,136,3.970000029,0.233442038,0.315089583,0.466914654,0.072711654,0.28717047,2017,0.8482443750000007,3.883000005800001,-22.22598386620934
Chad,Sub-Saharan Africa,137,3.936000109,0.438012987,0.041134715,0.162342027,0.053581882,0.21611385,2017,0.7911281250000008,4.0034000218,17.62798330968459
Zimbabwe,Sub-Saharan Africa,138,3.875,0.375846535,0.196763754,0.336384207,0.095375381,0.189143494,2017,0.7712950000000006,4.006600000000001,-22.1376845999129
Angola,Sub-Saharan Africa,140,3.795000076,0.85842818,0.049868666,0.0,0.069720335,0.09792649,2017,1.0880612500000009,3.872250019,-5.977361661112177
Afghanistan,Southern Asia,141,3.79399991,0.401477218,0.180746779,0.10617952,0.06115783,0.311870933,2017,0.7283868750000011,3.512799982,-9.178893605679422
Botswana,Sub-Saharan Africa,142,3.766000032,1.122094154,0.341755509,0.505196333,0.098583199,0.099348448,2017,1.1351050000000011,3.8300000064,-21.01272154564586
Benin,Sub-Saharan Africa,143,3.657000065,0.431085408,0.209930211,0.425962776,0.060929015,0.207948461,2017,0.7898987500000006,3.901000013,40.43020312129954
Madagascar,Sub-Saharan Africa,144,3.644000053,0.305808693,0.375223309,0.189196765,0.067231975,0.20873253,2017,0.8141762500000008,3.7454000106,6.78063258600775
Haiti,Latin America and Caribbean,145,3.602999926,0.368610263,0.27732113,0.030369857,0.09987215,0.489203781,2017,0.7024025000000016,4.3435999852,11.395469702512983
Yemen,Middle East and Northern Africa,146,3.592999935,0.591683447,0.310080916,0.249463722,0.056767423,0.104125209,2017,1.0632456250000013,3.625799987,-18.054884747125417
South Sudan,Sub-Saharan Africa,147,3.59100008,0.397248626,0.163486004,0.147062436,0.116793513,0.285670817,2017,0.7452687500000011,3.38250002,-27.997010930495744
Liberia,Sub-Saharan Africa,148,3.532999992,0.119041793,0.229918197,0.332881182,0.038948249,0.266549885,2017,0.664268750000001,3.8391999984,-10.560194922187112
Guinea,Sub-Saharan Africa,149,3.506999969,0.24454993,0.194129139,0.348587513,0.110937618,0.264815092,2017,0.6920262500000013,3.853599993800001,23.297845960753264
Togo,Sub-Saharan Africa,150,3.494999886,0.305444717,0.247105569,0.380426139,0.095665015,0.196896151,2017,0.7842531250000009,3.5441999772000004,38.727819161765915
Rwanda,Sub-Saharan Africa,151,3.470999956,0.368745893,0.326424807,0.581843853,0.455220014,0.252756029,2017,0.8862275000000008,3.4385999912000003,-3.795177054060043
Syria,Middle East and Northern Africa,152,3.461999893,0.777153134,0.500533342,0.081539445,0.151347131,0.493663728,2017,0.6577950000000016,3.2921999786,14.901282083251656
Tanzania,Sub-Saharan Africa,153,3.348999977,0.511135876,0.364509284,0.390017778,0.066035107,0.354256362,2017,0.8706031250000015,3.4659999954,-15.241930942543165
Burundi,Sub-Saharan Africa,154,2.904999971,0.091622569,0.151610792,0.059900753,0.084147945,0.204435185,2017,0.5638418750000007,3.0789999942,29.94836488812394
Finland,Western Europe,1,7.632,1.305,0.874,0.681,0.393,0.202,2018,1.592,7.5377999726,4.827374739206791
Norway,Western Europe,2,7.594,1.456,0.861,0.686,0.34,0.286,2018,1.582,7.541000035800001,0.43061206168481314
Denmark,Western Europe,3,7.555,1.351,0.868,0.683,0.408,0.284,2018,1.59,7.545999967199999,0.9679105620151127
Iceland,Western Europe,4,7.495,1.343,0.914,0.677,0.138,0.353,2018,1.644,7.5110000374,-0.8868294181755423
Switzerland,Western Europe,5,7.487,1.42,0.927,0.66,0.357,0.256,2018,1.549,7.511399991600001,-1.414738076535612
Netherlands,Western Europe,6,7.441,1.361,0.878,0.638,0.295,0.333,2018,1.488,7.404599971000001,1.4883800569728276
Canada,North America,7,7.328,1.33,0.896,0.653,0.291,0.3206249999999999,2018,1.532,7.350599997000001,-2.0165179763772643
New Zealand,Australia and New Zealand,8,7.324,1.268,0.876,0.669,0.389,0.365,2018,1.601,7.313000026,0.29070569699696414
Sweden,Western Europe,9,7.314,1.355,0.913,0.659,0.383,0.285,2018,1.501,7.319199983999999,-0.27895636575101235
Australia,Australia and New Zealand,10,7.272,1.34,0.91,0.647,0.302,0.361,2018,1.573,7.276199984,-0.7682263370615564
United Kingdom,Western Europe,11,7.19,1.244,0.888,0.464,0.082,0.262,2018,1.433,6.910000044999999,2.966717595732796
Austria,Western Europe,12,7.139,1.341,0.891,0.617,0.224,0.242,2018,1.504,7.142000008399999,0.684880572149412
Costa Rica,Latin America and Caribbean,13,7.072,1.01,0.817,0.632,0.101,0.143,2018,1.459,7.1261999992,-0.7920501633942385
Ireland,Western Europe,14,6.977,1.448,0.876,0.614,0.306,0.307,2018,1.583,6.9644000474,1.1686038558590448
Germany,Western Europe,15,6.965,1.34,0.861,0.586,0.28,0.273,2018,1.474,6.9290000428,3.488561998066178
Belgium,Western Europe,16,6.927,1.324,0.894,0.583,0.24,0.188,2018,1.483,6.9213999588,-0.199067787334539
Luxembourg,Western Europe,17,6.91,1.5369999999999997,0.896,0.632,0.321,0.196,2018,1.52,6.9359999832,2.09356260883348
United States,North America,18,6.886,1.398,0.819,0.547,0.133,0.291,2018,1.471,6.9988000062,-3.2161719668015274
Israel,Middle East and Northern Africa,19,6.814,1.301,0.883,0.533,0.222,0.354,2018,1.559,7.1421999642000005,-1.6563126182441028
Czech Republic,Central and Eastern Europe,21,6.711,1.233,0.854,0.543,0.034,0.064,2018,1.489,6.654600041200001,5.240391147684298
Malta,Western Europe,22,6.627,1.27,0.884,0.645,0.142,0.376,2018,1.525,6.53399999,6.578539813018188
France,Western Europe,23,6.489,1.293,0.908,0.52,0.176,0.098,2018,1.466,6.5151999824,0.28587644225496534
Mexico,Latin America and Caribbean,24,6.488,1.038,0.761,0.479,0.095,0.069,2018,1.252,6.7252000138,-8.360552110223889
Chile,Latin America and Caribbean,25,6.476,1.131,0.808,0.431,0.061,0.197,2018,1.331,6.58939999,-3.4056702533070733
Taiwan,Eastern Asia,26,6.441,1.365,0.857,0.418,0.078,0.151,2018,1.436,6.391,2.3356894515782103
Panama,Latin America and Caribbean,27,6.43,1.112,0.759,0.597,0.063,0.125,2018,1.438,6.5380000282,-7.004600606895986
Brazil,Latin America and Caribbean,28,6.419,0.986,0.675,0.493,0.088,0.11,2018,1.474,6.657800045799999,-10.113108982588585
Argentina,Latin America and Caribbean,29,6.388,1.073,0.744,0.57,0.054,0.062,2018,1.468,6.4593999954,-7.535916374032673
Guatemala,Latin America and Caribbean,30,6.382,0.781,0.608,0.604,0.071,0.179,2018,1.268,6.3437999992,5.06890803586106
Uruguay,Latin America and Caribbean,31,6.379,1.093,0.771,0.625,0.155,0.13,2018,1.459,6.4311999992,-2.9754060326768457
Qatar,Middle East and Northern Africa,32,6.374,1.649,0.748,0.654,0.171,0.256,2018,1.303,6.4218,-3.58549417044083
Saudi Arabia,Middle East and Northern Africa,33,6.371,1.379,0.633,0.509,0.127,0.098,2018,1.331,6.375999972600001,-0.5594339360360984
Singapore,Southeastern Asia,34,6.343,1.529,1.008,0.631,0.3702499999999999,0.261,2018,1.451,6.542800005399999,-8.107492675948372
Malaysia,Southeastern Asia,35,6.322,1.161,0.669,0.412125,0.059,0.311,2018,1.258,5.9040000222,-6.248616266638264
Spain,Western Europe,36,6.31,1.251,0.965,0.449,0.074,0.142,2018,1.538,6.3513999756,0.4107442995165609
Colombia,Latin America and Caribbean,37,6.26,0.96,0.635,0.531,0.039,0.099,2018,1.439,6.3399999748,-5.533954499713408
Slovakia,Central and Eastern Europe,39,6.173,1.21,0.776,0.354,0.014,0.118,2018,1.537,6.10840001,3.3484435922217837
El Salvador,Latin America and Caribbean,40,6.167,0.806,0.639,0.461,0.082,0.065,2018,1.231,6.1241999566,2.0438743083590527
Nicaragua,Latin America and Caribbean,41,6.141,0.668,0.7,0.527,0.128,0.208,2018,1.319,6.0274000198,4.6992247657062025
Poland,Central and Eastern Europe,42,6.123,1.176,0.781,0.546,0.064,0.108,2018,1.448,5.98080001,6.599719046673764
Bahrain,Middle East and Northern Africa,43,6.105,1.338,0.698,0.594,0.123,0.243,2018,1.366,6.113799978600001,4.057506067690395
Uzbekistan,Central and Eastern Europe,44,6.096,0.719,0.605,0.7180000000000001,0.1699999999999999,0.328,2018,1.584,6.046200039,2.839200066113878
Kuwait,Middle East and Northern Africa,45,6.083,1.474,0.675,0.554,0.106,0.167,2018,1.301,6.1486000038,-4.416969306113602
Thailand,Southeastern Asia,46,6.072,1.016,0.707,0.637,0.029,0.364,2018,1.417,6.2865999572,-7.011445237723424
Italy,Western Europe,47,6.0,1.264,0.946,0.281,0.028,0.137,2018,1.501,6.022400045,4.590346791109786
Ecuador,Latin America and Caribbean,48,5.973,0.889,0.736,0.556,0.12,0.114,2018,1.33,5.9919999794,0.8904653386405489
Lithuania,Central and Eastern Europe,50,5.952,1.197,0.716,0.35,0.006,0.026,2018,1.527,5.929799990000001,5.345156629423714
Slovenia,Central and Eastern Europe,51,5.948,1.219,0.856,0.633,0.051,0.16,2018,1.506,5.8879999794,4.616501111283052
Romania,Central and Eastern Europe,52,5.945,1.116,0.726,0.528,0.001,0.088,2018,1.219,5.6983999618,17.419806558520683
Latvia,Central and Eastern Europe,53,5.933,1.148,0.671,0.363,0.066,0.092,2018,1.454,5.676199981,15.81499225458826
Japan,Eastern Asia,54,5.915,1.294,0.988,0.553,0.15,0.079,2018,1.462,5.9258000152,-1.6940159578580205
Mauritius,Sub-Saharan Africa,66,5.891,1.013375,0.684,0.584,0.05,0.245,2018,1.387,5.706600037399999,7.389287522634361
Jamaica,Latin America and Caribbean,56,5.89,0.819,0.693,0.575,0.031,0.096,2018,1.493,5.661999974,3.8045625286977147
South Korea,Eastern Asia,57,5.875,1.266,0.955,0.244,0.051,0.175,2018,1.204,5.8853999642,-1.4643551391803888
Russia,Central and Eastern Europe,59,5.81,1.151,0.599,0.399,0.025,0.065,2018,1.479,5.798599964199999,-1.0776677329263085
Kazakhstan,Central and Eastern Europe,60,5.79,1.143,0.631,0.454,0.121,0.148,2018,1.516,5.838399953400001,-0.7666071214293976
Cyprus,Western Europe,55,5.762,1.229,0.909,0.423,0.035,0.202,2018,1.3587500000000003,5.7327999626,6.275997863370636
Bolivia,Latin America and Caribbean,62,5.752,0.751,0.508,0.606,0.054,0.141,2018,1.223,5.813199990799999,-1.8872237505200702
Estonia,Central and Eastern Europe,63,5.739,1.2,0.737,0.553,0.1699999999999999,0.086,2018,1.532,5.637800012200001,8.289376811204978
Paraguay,Latin America and Caribbean,64,5.681,0.835,0.615,0.541,0.074,0.162,2018,1.522,5.666600006200001,-2.0829531745682726
Peru,Latin America and Caribbean,65,5.663,0.934,0.674,0.53,0.034,0.092,2018,1.249,5.7284000306,-2.187844530482877
Kosovo,Central and Eastern Europe,66,5.662,0.855,0.578,0.448,0.023,0.274,2018,1.23,5.606199961,9.36835354393952
Moldova,Central and Eastern Europe,67,5.64,0.657,0.62,0.232,0.0,0.171,2018,1.301,5.7585999642,-6.224319875808209
Turkmenistan,Central and Eastern Europe,68,5.636,1.016,0.517,0.417,0.037,0.199,2018,1.533,5.582200005399999,-5.215589403869181
Hungary,Central and Eastern Europe,69,5.62,1.171,0.732,0.259,0.022,0.061,2018,1.401,5.3293999764,18.681851515106626
Libya,Middle East and Northern Africa,70,5.566,0.985,0.553,0.496,0.148,0.116,2018,1.35,5.597000018999999,-4.01309407596069
Philippines,Southeastern Asia,71,5.524,0.775,0.513,0.643,0.105,0.12,2018,1.312,5.3873999656,10.589229332278977
Honduras,Latin America and Caribbean,72,5.504,0.62,0.622,0.459,0.074,0.197,2018,1.205,5.2408000466,20.800037642252768
Belarus,Central and Eastern Europe,73,5.483,1.039,0.7,0.307,0.154,0.101,2018,1.498,5.5979999534000005,-8.667460938910219
Turkey,Middle East and Northern Africa,74,5.483,1.148,0.686,0.324,0.109,0.106,2018,1.38,5.4154,0.8134767056934606
Pakistan,Southern Asia,75,5.472,0.652,0.424,0.334,0.113,0.216,2018,0.81,5.3440000106,8.636311533704056
Hong Kong,Eastern Asia,76,5.43,1.405,1.03,0.524,0.274125,0.246,2018,1.29,5.448,-0.80529925737084
Portugal,Western Europe,55,5.41,1.188,0.884,0.562,0.017,0.055,2018,1.429,5.304600034400001,11.186678117371287
Serbia,Central and Eastern Europe,78,5.398,0.975,0.685,0.288,0.043,0.134,2018,1.369,5.3391999962,9.11831273552648
Greece,Western Europe,55,5.358,1.154,0.879,0.229125,0.044,0.0,2018,1.3587500000000003,5.1524000474,8.659292356843107
Lebanon,Middle East and Northern Africa,80,5.358,0.965,0.785,0.503,0.136,0.214,2018,1.179,5.149599981,7.405285640656116
Montenegro,Central and Eastern Europe,81,5.347,1.017,0.729,0.259,0.081,0.111,2018,1.279,5.2919999978,6.267514961490378
Croatia,Central and Eastern Europe,82,5.321,1.115,0.737,0.38,0.039,0.12,2018,1.161,5.4586000442,-5.643810623620828
Dominican Republic,Latin America and Caribbean,83,5.302,0.982,0.614,0.578,0.106,0.12,2018,1.441,5.1994000038,10.678574336915664
Algeria,Middle East and Northern Africa,84,5.295,0.979,0.687,0.077,0.135,0.055,2018,1.154,5.6676000434,-5.632101272908041
Morocco,Middle East and Northern Africa,85,5.254,0.779,0.669,0.46,0.074,0.026,2018,0.797,5.172200026800001,3.871012279658547
China,Eastern Asia,86,5.246,0.989,0.799,0.597,0.103,0.029,2018,1.142,5.2189999526,1.0161829407368437
Azerbaijan,Central and Eastern Europe,87,5.201,1.024,0.603,0.43,0.1699999999999999,0.031,2018,1.161,5.2292000412,-0.05747159968291382
Tajikistan,Central and Eastern Europe,88,5.199,0.474,0.598,0.292,0.034,0.187,2018,1.166,5.097799977799999,13.577654588053623
Macedonia,Central and Eastern Europe,89,5.185,0.959,0.691,0.394,0.052,0.173,2018,1.239,5.122000047749999,3.52453075588835
Jordan,Middle East and Northern Africa,90,5.161,0.822,0.645,0.468,0.134,0.13,2018,1.265,5.1795999932,-5.460319406916963
Nigeria,Sub-Saharan Africa,91,5.155,0.689,0.048,0.462,0.032,0.201,2018,1.172,5.1273999764,0.35213885012967405
Kyrgyzstan,Central and Eastern Europe,92,5.131,0.53,0.594,0.54,0.035,0.281,2018,1.416,5.1734000374,-0.32995791130522667
Bosnia and Herzegovina,Central and Eastern Europe,93,5.129,0.915,0.758,0.28,0.0,0.216,2018,1.078,5.161800032,8.680061228936129
Mongolia,Eastern Asia,94,5.125,0.914,0.575,0.395,0.032,0.253,2018,1.517,5.0291999848,8.208085535809776
Vietnam,Southeastern Asia,95,5.103,0.715,0.702,0.618,0.079,0.177,2018,1.365,5.154599976399999,-3.3390160350167712
Indonesia,Southeastern Asia,96,5.093,0.899,0.522,0.538,0.018,0.484,2018,1.215,5.2520000168,-3.82077490434271
Bhutan,Southern Asia,97,5.082,0.796,0.527,0.541,0.171,0.364,2018,1.335,5.1248000312,-3.2286426299524873
Somalia,Sub-Saharan Africa,98,4.982,0.0,0.115,0.674,0.166875,0.238,2018,0.712,5.06025000575,-14.896106018856432
Cameroon,Sub-Saharan Africa,99,4.975,0.535,0.182,0.454,0.043,0.183,2018,0.891,4.6958000344,17.52180788469808
Bulgaria,Central and Eastern Europe,100,4.933,1.054,0.712,0.359,0.009,0.064,2018,1.515,4.618600044999999,17.98884604016331
Nepal,Southern Asia,101,4.88,0.425,0.539,0.526,0.078,0.302,2018,1.228,4.8123999786,8.730416260326404
Venezuela,Latin America and Caribbean,102,4.806,0.996,0.657,0.3035,0.052,0.056,2018,1.469,5.5469,-33.273380063523916
Gabon,Sub-Saharan Africa,103,4.758,1.013375,0.404,0.356,0.052,0.0376249999999999,2018,1.164,4.4078000306,21.54649919435824
Palestinian Territories,Middle East and Northern Africa,104,4.743,0.642,0.602,0.266,0.076,0.086,2018,1.217,4.736600018999999,-0.3922103748041983
South Africa,Sub-Saharan Africa,105,4.724,0.94,0.33,0.516,0.056,0.103,2018,1.41,4.6751999992,2.138858126400246
Iran,Middle East and Northern Africa,106,4.707,1.059,0.691,0.459,0.129,0.282,2018,0.771,4.6891999824,-2.862078509044632
Ivory Coast,Sub-Saharan Africa,107,4.671,0.541,0.08,0.467,0.103,0.146,2018,0.872,4.2731999656,31.473460492275407
Ghana,Sub-Saharan Africa,108,4.657,0.592,0.337,0.499,0.029,0.212,2018,0.896,4.5363999772,8.959485700897762
Senegal,Sub-Saharan Africa,109,4.631,0.429,0.433,0.406,0.082,0.138,2018,1.117,4.3939999694,18.755123095415613
Laos,Southeastern Asia,110,4.623,0.72,0.441,0.626,0.174,0.23,2018,1.034,4.79275,-1.446520473922432
Tunisia,Middle East and Northern Africa,111,4.592,0.9,0.69,0.271,0.063,0.04,2018,0.906,4.7283999656,-5.585796739850886
Albania,Central and Eastern Europe,112,4.586,0.916,0.79,0.419,0.032,0.149,2018,0.817,4.712600010600001,-4.715365744988921
Sierra Leone,Sub-Saharan Africa,113,4.571,0.256,0.0,0.355,0.053,0.238,2018,0.813,4.5592000222,-2.8037628104985233
Bangladesh,Southern Asia,115,4.5,0.532,0.579,0.58,0.144,0.153,2018,0.85,4.5801999604,-5.161844201212782
Sri Lanka,Southern Asia,116,4.471,0.918,0.672,0.585,0.05,0.307,2018,1.314,4.3926000114,2.2875574512464856
Iraq,Middle East and Northern Africa,117,4.456,1.01,0.536,0.304,0.095,0.148,2018,0.971,4.5284000434,-5.223913560004148
Mali,Sub-Saharan Africa,118,4.447,0.37,0.152,0.367,0.056,0.139,2018,1.233,4.2190000114,9.676904568531572
Namibia,Sub-Saharan Africa,119,4.441,0.874,0.365,0.519,0.064,0.051,2018,1.281,4.5569999705,1.5507158312565434
Cambodia,Southeastern Asia,120,4.433,0.549,0.457,0.696,0.065,0.256,2018,1.088,4.205400044199999,21.365560229046075
Burkina Faso,Sub-Saharan Africa,121,4.424,0.314,0.254,0.312,0.128,0.175,2018,1.097,4.0738000130000005,25.480514920016162
Egypt,Middle East and Northern Africa,122,4.419,0.885,0.553,0.312,0.107,0.092,2018,1.025,4.3752000268,0.1578625760048311
Kenya,Sub-Saharan Africa,124,4.41,0.493,0.454,0.504,0.055,0.328625,2018,1.048,4.4493999946,2.200947408844112
Zambia,Sub-Saharan Africa,125,4.377,0.562,0.295,0.503,0.082,0.221,2018,1.047,4.5843999878,-21.575872570398978
Mauritania,Sub-Saharan Africa,126,4.356,0.557,0.292,0.129,0.093,0.134,2018,1.245,4.3549999634,1.4359485447700453
Ethiopia,Sub-Saharan Africa,127,4.35,0.308,0.391,0.452,0.146,0.22,2018,0.95,4.4232000076,-5.09105828672943
Georgia,Central and Eastern Europe,128,4.34,0.853,0.643,0.375,0.1699999999999999,0.038,2018,0.816,4.338799955000001,5.136721437345068
Armenia,Central and Eastern Europe,129,4.321,0.816,0.666,0.26,0.028,0.077,2018,0.99,4.3931999856,4.847986194851793
Myanmar,Southeastern Asia,130,4.308,0.682,0.429,0.58,0.178,0.5611250000000001,2018,1.174,4.3830000152,1.4486901261661254
Chad,Sub-Saharan Africa,131,4.301,0.358,0.053,0.189,0.06,0.181,2018,0.907,4.0034000218,17.62798330968459
India,Southern Asia,133,4.19,0.721,0.485,0.539,0.093,0.172,2018,0.747,4.297800011400001,-12.621207056940717
Niger,Sub-Saharan Africa,134,4.166,0.131,0.221,0.39,0.099,0.175,2018,0.867,4.1045999756,19.262458946050153
Uganda,Sub-Saharan Africa,135,4.161,0.322,0.237,0.45,0.061,0.259,2018,1.09,4.020199970199999,6.895796082088521
Benin,Sub-Saharan Africa,136,4.141,0.378,0.24,0.44,0.067,0.163,2018,0.372,3.901000013,40.43020312129954
Sudan,Sub-Saharan Africa,137,4.139,0.605,0.312,0.082875,0.082,0.134,2018,1.24,4.24174998475,-9.032967032967003
Ukraine,Central and Eastern Europe,138,4.103,0.793,0.609,0.163,0.011,0.187,2018,1.413,4.307200039,-7.147290818087813
Togo,Sub-Saharan Africa,139,3.999,0.259,0.253,0.434,0.101,0.158,2018,0.474,3.5441999772000004,38.727819161765915
Guinea,Sub-Saharan Africa,140,3.964,0.344,0.211,0.394,0.094,0.185,2018,0.792,3.853599993800001,23.297845960753264
Angola,Sub-Saharan Africa,142,3.795,0.73,0.269,0.082875,0.061,0.079,2018,1.125,3.872250019,-5.977361661112177
Madagascar,Sub-Saharan Africa,143,3.774,0.262,0.402,0.221,0.049,0.155,2018,0.908,3.7454000106,6.78063258600775
Zimbabwe,Sub-Saharan Africa,144,3.692,0.357,0.248,0.406,0.099,0.132,2018,1.094,4.006600000000001,-22.1376845999129
Afghanistan,Southern Asia,145,3.632,0.332,0.25625,0.096625,0.036,0.191,2018,0.537,3.512799982,-9.178893605679422
Botswana,Sub-Saharan Africa,146,3.59,1.013375,0.417,0.557,0.092,0.042,2018,1.174,3.8300000064,-21.01272154564586
Malawi,Sub-Saharan Africa,147,3.587,0.186,0.306,0.531,0.08,0.21,2018,0.541,3.883000005800001,-22.22598386620934
Haiti,Latin America and Caribbean,112,4.784500000000001,0.449,0.3960000000000001,0.3035,0.104,0.3035,2018,0.967,4.3435999852,11.395469702512983
Liberia,Sub-Saharan Africa,149,3.495,0.076,0.267,0.419,0.03,0.206,2018,0.858,3.8391999984,-10.560194922187112
Syria,Middle East and Northern Africa,150,3.462,0.689,0.539,0.088,0.144,0.376,2018,0.5215000000000001,3.2921999786,14.901282083251656
Rwanda,Sub-Saharan Africa,151,3.408,0.332,0.4,0.636,0.166875,0.2,2018,0.896,3.4385999912000003,-3.795177054060043
Yemen,Middle East and Northern Africa,152,3.355,0.442,0.3704999999999999,0.244,0.064,0.083,2018,1.073,3.625799987,-18.054884747125417
Tanzania,Sub-Saharan Africa,153,3.303,0.455,0.381,0.481,0.097,0.27,2018,0.991,3.4659999954,-15.241930942543165
South Sudan,Sub-Saharan Africa,154,3.254,0.337,0.177,0.112,0.106,0.224,2018,0.608,3.38250002,-27.997010930495744
Burundi,Sub-Saharan Africa,156,2.905,0.091,0.145,0.082875,0.076,0.149,2018,0.627,3.0789999942,29.94836488812394
Finland,Western Europe,1,7.769,1.34,0.986,0.596,0.393,0.153,2019,1.587,7.5377999726,4.827374739206791
Denmark,Western Europe,2,7.6,1.383,0.996,0.592,0.41,0.252,2019,1.573,7.545999967199999,0.9679105620151127
Norway,Western Europe,3,7.554,1.488,1.028,0.603,0.341,0.271,2019,1.582,7.541000035800001,0.43061206168481314
Iceland,Western Europe,4,7.494,1.38,1.026,0.591,0.118,0.354,2019,1.624,7.5110000374,-0.8868294181755423
Netherlands,Western Europe,5,7.488,1.396,0.999,0.557,0.298,0.322,2019,1.522,7.404599971000001,1.4883800569728276
Switzerland,Western Europe,6,7.48,1.452,1.052,0.572,0.343,0.263,2019,1.526,7.511399991600001,-1.414738076535612
Sweden,Western Europe,7,7.343,1.387,1.009,0.574,0.373,0.267,2019,1.487,7.319199983999999,-0.27895636575101235
New Zealand,Australia and New Zealand,8,7.307,1.303,1.026,0.585,0.38,0.33,2019,1.557,7.313000026,0.29070569699696414
Canada,North America,9,7.278,1.365,1.039,0.584,0.308,0.285,2019,1.505,7.350599997000001,-2.0165179763772643
Austria,Western Europe,10,7.246,1.376,1.016,0.532,0.226,0.244,2019,1.475,7.142000008399999,0.684880572149412
Australia,Australia and New Zealand,11,7.228,1.372,1.036,0.557,0.29,0.332,2019,1.548,7.276199984,-0.7682263370615564
Costa Rica,Latin America and Caribbean,12,7.167,1.034,0.963,0.558,0.093,0.144,2019,1.441,7.1261999992,-0.7920501633942385
Israel,Middle East and Northern Africa,13,7.139,1.276,1.029,0.371,0.082,0.261,2019,1.455,7.1421999642000005,-1.6563126182441028
Luxembourg,Western Europe,14,7.09,1.5369999999999997,1.012,0.526,0.316,0.194,2019,1.479,6.9359999832,2.09356260883348
United Kingdom,Western Europe,15,7.054,1.333,0.996,0.45,0.278,0.348,2019,1.538,6.910000044999999,2.966717595732796
Ireland,Western Europe,16,7.021,1.499,0.999,0.516,0.31,0.298,2019,1.553,6.9644000474,1.1686038558590448
Germany,Western Europe,17,6.985,1.373,0.987,0.495,0.265,0.261,2019,1.454,6.9290000428,3.488561998066178
Belgium,Western Europe,18,6.923,1.356,0.986,0.473,0.21,0.16,2019,1.504,6.9213999588,-0.199067787334539
United States,North America,19,6.892,1.433,0.874,0.454,0.128,0.28,2019,1.457,6.9988000062,-3.2161719668015274
Czech Republic,Central and Eastern Europe,20,6.852,1.269,0.92,0.457,0.036,0.046,2019,1.487,6.654600041200001,5.240391147684298
United Arab Emirates,Middle East and Northern Africa,21,6.825,1.503,0.825,0.598,0.182,0.262,2019,1.31,6.736749940749999,-0.9494479369855102
Malta,Western Europe,22,6.726,1.3,0.999,0.564,0.151,0.375,2019,1.52,6.53399999,6.578539813018188
Mexico,Latin America and Caribbean,23,6.595,1.07,0.861,0.433,0.073,0.074,2019,1.323,6.7252000138,-8.360552110223889
France,Western Europe,24,6.592,1.324,1.045,0.436,0.183,0.111,2019,1.472,6.5151999824,0.28587644225496534
Taiwan,Eastern Asia,25,6.446,1.368,0.914,0.351,0.097,0.242,2019,1.43,6.391,2.3356894515782103
Chile,Latin America and Caribbean,26,6.444,1.159,0.92,0.357,0.056,0.187,2019,1.369,6.58939999,-3.4056702533070733
Guatemala,Latin America and Caribbean,27,6.436,0.8,0.746,0.535,0.078,0.175,2019,1.269,6.3437999992,5.06890803586106
Saudi Arabia,Middle East and Northern Africa,28,6.375,1.403,0.795,0.439,0.132,0.08,2019,1.357,6.375999972600001,-0.5594339360360984
Qatar,Middle East and Northern Africa,29,6.374,1.684,0.871,0.555,0.167,0.22,2019,1.313,6.4218,-3.58549417044083
Spain,Western Europe,30,6.354,1.286,1.062,0.362,0.079,0.153,2019,1.484,6.3513999756,0.4107442995165609
Panama,Latin America and Caribbean,31,6.321,1.149,0.91,0.516,0.054,0.109,2019,1.442,6.5380000282,-7.004600606895986
Brazil,Latin America and Caribbean,32,6.3,1.004,0.802,0.39,0.086,0.099,2019,1.439,6.657800045799999,-10.113108982588585
Uruguay,Latin America and Caribbean,33,6.293,1.124,0.891,0.523,0.15,0.127,2019,1.465,6.4311999992,-2.9754060326768457
Singapore,Southeastern Asia,34,6.262,1.5293750000000004,1.141,0.556,0.3702499999999999,0.271,2019,1.463,6.542800005399999,-8.107492675948372
El Salvador,Latin America and Caribbean,35,6.253,0.794,0.789,0.43,0.074,0.093,2019,1.242,6.1241999566,2.0438743083590527
Italy,Western Europe,36,6.223,1.294,1.039,0.231,0.03,0.158,2019,1.488,6.022400045,4.590346791109786
Bahrain,Middle East and Northern Africa,37,6.199,1.362,0.871,0.536,0.11,0.255,2019,1.368,6.113799978600001,4.057506067690395
Slovakia,Central and Eastern Europe,38,6.198,1.246,0.881,0.334,0.014,0.121,2019,1.504,6.10840001,3.3484435922217837
Poland,Central and Eastern Europe,40,6.182,1.206,0.884,0.483,0.05,0.117,2019,1.438,5.98080001,6.599719046673764
Uzbekistan,Central and Eastern Europe,41,6.174,0.745,0.756,0.631,0.1699999999999999,0.322,2019,1.529,6.046200039,2.839200066113878
Lithuania,Central and Eastern Europe,42,6.149,1.238,0.818,0.291,0.042,0.043,2019,1.515,5.929799990000001,5.345156629423714
Colombia,Latin America and Caribbean,43,6.125,0.985,0.841,0.47,0.034,0.099,2019,1.41,6.3399999748,-5.533954499713408
Slovenia,Central and Eastern Europe,44,6.118,1.258,0.953,0.564,0.057,0.144,2019,1.523,5.8879999794,4.616501111283052
Nicaragua,Latin America and Caribbean,45,6.105,0.694,0.835,0.435,0.127,0.2,2019,1.325,6.0274000198,4.6992247657062025
Kosovo,Central and Eastern Europe,46,6.1,0.882,0.758,0.489,0.006,0.262,2019,1.232,5.606199961,9.36835354393952
Argentina,Latin America and Caribbean,47,6.086,1.092,0.881,0.471,0.05,0.066,2019,1.432,6.4593999954,-7.535916374032673
Romania,Central and Eastern Europe,48,6.07,1.162,0.825,0.462,0.005,0.083,2019,1.232,5.6983999618,17.419806558520683
Cyprus,Western Europe,49,6.046,1.263,1.042,0.406,0.041,0.19,2019,1.3587500000000003,5.7327999626,6.275997863370636
Ecuador,Latin America and Caribbean,50,6.028,0.912,0.868,0.498,0.087,0.126,2019,1.312,5.9919999794,0.8904653386405489
Kuwait,Middle East and Northern Africa,51,6.021,1.5,0.808,0.493,0.097,0.142,2019,1.319,6.1486000038,-4.416969306113602
Thailand,Southeastern Asia,52,6.008,1.05,0.828,0.557,0.028,0.359,2019,1.409,6.2865999572,-7.011445237723424
Latvia,Central and Eastern Europe,53,5.94,1.187,0.812,0.264,0.064,0.075,2019,1.465,5.676199981,15.81499225458826
South Korea,Eastern Asia,54,5.895,1.301,1.036,0.159,0.056,0.175,2019,1.219,5.8853999642,-1.4643551391803888
Estonia,Central and Eastern Europe,55,5.893,1.237,0.874,0.495,0.161,0.103,2019,1.528,5.637800012200001,8.289376811204978
Jamaica,Latin America and Caribbean,56,5.89,0.831,0.831,0.49,0.028,0.107,2019,1.478,5.661999974,3.8045625286977147
Mauritius,Sub-Saharan Africa,66,5.888,1.013375,0.751375,0.498,0.06,0.215,2019,1.402,5.706600037399999,7.389287522634361
Japan,Eastern Asia,58,5.886,1.327,1.088,0.445,0.14,0.069,2019,1.419,5.9258000152,-1.6940159578580205
Honduras,Latin America and Caribbean,59,5.86,0.642,0.828,0.507,0.078,0.246,2019,1.236,5.2408000466,20.800037642252768
Kazakhstan,Central and Eastern Europe,60,5.809,1.173,0.729,0.41,0.096,0.146,2019,1.508,5.838399953400001,-0.7666071214293976
Bolivia,Latin America and Caribbean,61,5.779,0.776,0.706,0.511,0.064,0.137,2019,1.209,5.813199990799999,-1.8872237505200702
Hungary,Central and Eastern Europe,62,5.758,1.201,0.828,0.199,0.02,0.081,2019,1.41,5.3293999764,18.681851515106626
Paraguay,Latin America and Caribbean,63,5.743,0.855,0.777,0.514,0.08,0.184,2019,1.475,5.666600006200001,-2.0829531745682726
Peru,Latin America and Caribbean,65,5.697,0.96,0.854,0.455,0.027,0.083,2019,1.274,5.7284000306,-2.187844530482877
Portugal,Western Europe,55,5.693,1.221,0.999,0.508,0.025,0.047,2019,1.431,5.304600034400001,11.186678117371287
Pakistan,Southern Asia,67,5.653,0.677,0.535,0.313,0.098,0.22,2019,0.886,5.3440000106,8.636311533704056
Russia,Central and Eastern Europe,68,5.648,1.183,0.726,0.334,0.031,0.082,2019,1.452,5.798599964199999,-1.0776677329263085
Philippines,Southeastern Asia,69,5.631,0.807,0.657,0.558,0.107,0.117,2019,1.293,5.3873999656,10.589229332278977
Serbia,Central and Eastern Europe,70,5.603,1.004,0.854,0.282,0.039,0.137,2019,1.383,5.3391999962,9.11831273552648
Moldova,Central and Eastern Europe,71,5.529,0.685,0.739,0.245,0.0,0.181,2019,1.328,5.7585999642,-6.224319875808209
Libya,Middle East and Northern Africa,72,5.525,1.044,0.673,0.416,0.152,0.133,2019,1.303,5.597000018999999,-4.01309407596069
Montenegro,Central and Eastern Europe,73,5.523,1.051,0.871,0.197,0.08,0.142,2019,1.361,5.2919999978,6.267514961490378
Tajikistan,Central and Eastern Europe,74,5.467,0.493,0.718,0.389,0.144,0.23,2019,1.098,5.097799977799999,13.577654588053623
Croatia,Central and Eastern Europe,75,5.432,1.155,0.914,0.296,0.022,0.119,2019,1.266,5.4586000442,-5.643810623620828
Hong Kong,Eastern Asia,76,5.43,1.438,1.122,0.44,0.274125,0.258,2019,1.277,5.448,-0.80529925737084
Dominican Republic,Latin America and Caribbean,77,5.425,1.015,0.779,0.497,0.101,0.113,2019,1.401,5.1994000038,10.678574336915664
Bosnia and Herzegovina,Central and Eastern Europe,78,5.386,0.945,0.845,0.212,0.006,0.263,2019,1.212,5.161800032,8.680061228936129
Turkey,Middle East and Northern Africa,79,5.373,1.183,0.808,0.195,0.106,0.083,2019,1.36,5.4154,0.8134767056934606
Malaysia,Southeastern Asia,80,5.339,1.221,0.828,0.508,0.024,0.26,2019,1.171,5.9040000222,-6.248616266638264
Belarus,Central and Eastern Europe,81,5.323,1.067,0.789,0.235,0.142,0.094,2019,1.465,5.5979999534000005,-8.667460938910219
Greece,Western Europe,55,5.287,1.181,0.999,0.229125,0.034,0.0,2019,1.3587500000000003,5.1524000474,8.659292356843107
Mongolia,Eastern Asia,83,5.285,0.948,0.667,0.317,0.038,0.235,2019,1.531,5.0291999848,8.208085535809776
Nigeria,Sub-Saharan Africa,85,5.265,0.696,0.245,0.426,0.041,0.215,2019,1.111,5.1273999764,0.35213885012967405
Kyrgyzstan,Central and Eastern Europe,86,5.261,0.551,0.723,0.508,0.023,0.3,2019,1.438,5.1734000374,-0.32995791130522667
Turkmenistan,Central and Eastern Europe,87,5.247,1.052,0.657,0.394,0.028,0.244,2019,1.538,5.582200005399999,-5.215589403869181
Algeria,Middle East and Northern Africa,88,5.211,1.002,0.785,0.086,0.114,0.073,2019,1.16,5.6676000434,-5.632101272908041
Morocco,Middle East and Northern Africa,89,5.208,0.801,0.782,0.418,0.076,0.036,2019,0.782,5.172200026800001,3.871012279658547
Azerbaijan,Central and Eastern Europe,90,5.208,1.043,0.769,0.351,0.1699999999999999,0.035,2019,1.147,5.2292000412,-0.05747159968291382
Lebanon,Middle East and Northern Africa,91,5.197,0.987,0.815,0.216,0.027,0.166,2019,1.224,5.149599981,7.405285640656116
Indonesia,Southeastern Asia,92,5.192,0.931,0.66,0.491,0.028,0.498,2019,1.203,5.2520000168,-3.82077490434271
China,Eastern Asia,93,5.191,1.029,0.893,0.521,0.1,0.058,2019,1.125,5.2189999526,1.0161829407368437
Vietnam,Southeastern Asia,94,5.175,0.741,0.851,0.543,0.073,0.147,2019,1.346,5.154599976399999,-3.3390160350167712
Bhutan,Southern Asia,95,5.082,0.813,0.604,0.457,0.167,0.37,2019,1.321,5.1248000312,-3.2286426299524873
Cameroon,Sub-Saharan Africa,96,5.044,0.549,0.331,0.381,0.037,0.187,2019,0.91,4.6958000344,17.52180788469808
Bulgaria,Central and Eastern Europe,97,5.011,1.092,0.815,0.311,0.004,0.081,2019,1.513,4.618600044999999,17.98884604016331
Ghana,Sub-Saharan Africa,98,4.996,0.611,0.486,0.381,0.04,0.245,2019,0.868,4.5363999772,8.959485700897762
Ivory Coast,Sub-Saharan Africa,99,4.944,0.569,0.232,0.352,0.09,0.154,2019,0.808,4.2731999656,31.473460492275407
Nepal,Southern Asia,100,4.913,0.446,0.677,0.439,0.089,0.285,2019,1.226,4.8123999786,8.730416260326404
Jordan,Middle East and Northern Africa,101,4.906,0.837,0.815,0.383,0.13,0.11,2019,1.225,5.1795999932,-5.460319406916963
Benin,Sub-Saharan Africa,102,4.883,0.393,0.397,0.349,0.082,0.175,2019,0.437,3.901000013,40.43020312129954
Gabon,Sub-Saharan Africa,104,4.799,1.013375,0.571,0.295,0.055,0.043,2019,1.183,4.4078000306,21.54649919435824
Laos,Southeastern Asia,105,4.796,0.764,0.551,0.547,0.164,0.266,2019,1.03,4.79275,-1.446520473922432
South Africa,Sub-Saharan Africa,106,4.722,0.96,0.469,0.389,0.055,0.13,2019,1.351,4.6751999992,2.138858126400246
Albania,Central and Eastern Europe,107,4.719,0.947,0.874,0.383,0.027,0.178,2019,0.848,4.712600010600001,-4.715365744988921
Venezuela,Latin America and Caribbean,108,4.784500000000001,0.96,0.805,0.3035,0.047,0.064,2019,1.427,5.5469,-33.273380063523916
Cambodia,Southeastern Asia,109,4.7,0.574,0.637,0.609,0.062,0.232,2019,1.122,4.205400044199999,21.365560229046075
Palestinian Territories,Middle East and Northern Africa,110,4.696,0.657,0.672,0.225,0.066,0.103,2019,1.247,4.736600018999999,-0.3922103748041983
Senegal,Sub-Saharan Africa,111,4.681,0.45,0.571,0.292,0.072,0.153,2019,1.134,4.3939999694,18.755123095415613
Somalia,Sub-Saharan Africa,112,4.668,0.0,0.268,0.559,0.166875,0.243,2019,0.698,5.06025000575,-14.896106018856432
Namibia,Sub-Saharan Africa,113,4.639,0.879,0.477,0.401,0.056,0.07,2019,1.313,4.5569999705,1.5507158312565434
Niger,Sub-Saharan Africa,114,4.628,0.138,0.366,0.318,0.102,0.188,2019,0.774,4.1045999756,19.262458946050153
Burkina Faso,Sub-Saharan Africa,115,4.587,0.331,0.38,0.255,0.113,0.177,2019,1.056,4.0738000130000005,25.480514920016162
Armenia,Central and Eastern Europe,116,4.559,0.85,0.815,0.283,0.064,0.095,2019,1.055,4.3931999856,4.847986194851793
Iran,Middle East and Northern Africa,117,4.548,1.1,0.785,0.305,0.125,0.27,2019,0.842,4.6891999824,-2.862078509044632
Guinea,Sub-Saharan Africa,118,4.534,0.38,0.375,0.332,0.086,0.207,2019,0.829,3.853599993800001,23.297845960753264
Georgia,Central and Eastern Europe,119,4.519,0.886,0.752,0.346,0.164,0.043,2019,0.816,4.338799955000001,5.136721437345068
Kenya,Sub-Saharan Africa,121,4.509,0.512,0.581,0.431,0.053,0.328625,2019,0.983,4.4493999946,2.200947408844112
Mauritania,Sub-Saharan Africa,122,4.49,0.57,0.489,0.082875,0.088,0.106,2019,1.167,4.3549999634,1.4359485447700453
Tunisia,Middle East and Northern Africa,124,4.461,0.921,0.815,0.167,0.055,0.059,2019,1.0,4.7283999656,-5.585796739850886
Bangladesh,Southern Asia,125,4.456,0.562,0.723,0.527,0.143,0.166,2019,0.928,4.5801999604,-5.161844201212782
Iraq,Middle East and Northern Africa,126,4.437,1.043,0.574,0.241,0.089,0.148,2019,0.98,4.5284000434,-5.223913560004148
Mali,Sub-Saharan Africa,128,4.39,0.385,0.308,0.327,0.052,0.153,2019,1.105,4.2190000114,9.676904568531572
Sierra Leone,Sub-Saharan Africa,129,4.374,0.268,0.242,0.309,0.045,0.252,2019,0.841,4.5592000222,-2.8037628104985233
Sri Lanka,Southern Asia,130,4.366,0.949,0.831,0.47,0.047,0.244,2019,1.265,4.3926000114,2.2875574512464856
Myanmar,Southeastern Asia,131,4.36,0.71,0.555,0.525,0.172,0.5611250000000001,2019,1.181,4.3830000152,1.4486901261661254
Chad,Sub-Saharan Africa,132,4.35,0.35,0.192,0.174,0.078,0.198,2019,0.766,4.0034000218,17.62798330968459
Ukraine,Central and Eastern Europe,133,4.332,0.82,0.739,0.178,0.01,0.187,2019,1.39,4.307200039,-7.147290818087813
Ethiopia,Sub-Saharan Africa,134,4.286,0.336,0.532,0.344,0.1,0.209,2019,1.033,4.4232000076,-5.09105828672943
Uganda,Sub-Saharan Africa,136,4.189,0.332,0.443,0.356,0.06,0.252,2019,1.069,4.020199970199999,6.895796082088521
Egypt,Middle East and Northern Africa,137,4.166,0.913,0.644,0.241,0.067,0.076,2019,1.039,4.3752000268,0.1578625760048311
Zambia,Sub-Saharan Africa,138,4.107,0.578,0.426,0.431,0.087,0.247,2019,1.058,4.5843999878,-21.575872570398978
Togo,Sub-Saharan Africa,139,4.085,0.275,0.41,0.293,0.085,0.177,2019,0.572,3.5441999772000004,38.727819161765915
India,Southern Asia,140,4.015,0.755,0.588,0.498,0.085,0.2,2019,0.765,4.297800011400001,-12.621207056940717
Liberia,Sub-Saharan Africa,141,3.975,0.073,0.443,0.37,0.033,0.233,2019,0.922,3.8391999984,-10.560194922187112
Madagascar,Sub-Saharan Africa,143,3.933,0.274,0.555,0.148,0.041,0.169,2019,0.916,3.7454000106,6.78063258600775
Burundi,Sub-Saharan Africa,145,3.775,0.046,0.38,0.22,0.166875,0.176,2019,0.447,3.0789999942,29.94836488812394
Zimbabwe,Sub-Saharan Africa,146,3.663,0.366,0.433,0.361,0.089,0.151,2019,1.114,4.006600000000001,-22.1376845999129
Haiti,Latin America and Caribbean,112,4.784500000000001,0.449,0.449,0.3035,0.11,0.3035,2019,0.967,4.3435999852,11.395469702512983
Botswana,Sub-Saharan Africa,148,3.488,1.013375,0.538,0.455,0.1,0.0376249999999999,2019,1.145,3.8300000064,-21.01272154564586
Syria,Middle East and Northern Africa,149,3.462,0.619,0.44,0.013,0.141,0.331,2019,0.5215000000000001,3.2921999786,14.901282083251656
Malawi,Sub-Saharan Africa,150,3.41,0.191,0.495,0.443,0.089,0.218,2019,0.56,3.883000005800001,-22.22598386620934
Yemen,Middle East and Northern Africa,151,3.38,0.287,0.463,0.143,0.077,0.108,2019,1.163,3.625799987,-18.054884747125417
Rwanda,Sub-Saharan Africa,152,3.334,0.359,0.614,0.555,0.166875,0.217,2019,0.711,3.4385999912000003,-3.795177054060043
Tanzania,Sub-Saharan Africa,153,3.231,0.476,0.499,0.417,0.147,0.276,2019,0.885,3.4659999954,-15.241930942543165
Afghanistan,Southern Asia,154,3.203,0.35,0.361,0.096625,0.025,0.158,2019,0.517,3.512799982,-9.178893605679422
South Sudan,Sub-Saharan Africa,156,2.853,0.306,0.295,0.082875,0.091,0.202,2019,0.575,3.38250002,-27.997010930495744
